scenario,harm_profile,role_profile,step,mean_bullying_level,p25_level,p75_level
Very low harm + Protective majority,Very low harm,Protective majority,0,15.0,15.0,15.0
Very low harm + Protective majority,Very low harm,Protective majority,1,14.41481174762173,13.41000429051843,15.312629206687633
Very low harm + Defender leaning,Very low harm,Defender leaning,0,15.0,15.0,15.0
Very low harm + Defender leaning,Very low harm,Defender leaning,1,14.740489954868378,14.064600782992855,15.717809740645915
Very low harm + Balanced discussion,Very low harm,Balanced discussion,0,15.0,15.0,15.0
Very low harm + Balanced discussion,Very low harm,Balanced discussion,1,15.60435155894171,14.706408626469987,16.28865332898189
Very low harm + Silent majority,Very low harm,Silent majority,0,15.0,15.0,15.0
Very low harm + Silent majority,Very low harm,Silent majority,1,15.846517221204376,15.393940671706275,16.611494598244416
Very low harm + Bully-support leaning,Very low harm,Bully-support leaning,0,15.0,15.0,15.0
Very low harm + Bully-support leaning,Very low harm,Bully-support leaning,1,16.311489883383405,15.1480021263238,17.18291337607175
Low harm + Protective majority,Low harm,Protective majority,0,25.0,25.0,25.0
Low harm + Protective majority,Low harm,Protective majority,1,25.462536020599423,24.153933147747235,26.402051337694484
Low harm + Protective majority,Low harm,Protective majority,2,25.38804479068727,24.104674490424976,27.012548021227293
Low harm + Protective majority,Low harm,Protective majority,3,25.665620507491077,23.184521962083064,28.157626225802908
Low harm + Protective majority,Low harm,Protective majority,4,25.31184375610864,21.99900816484509,29.929143166261568
Low harm + Protective majority,Low harm,Protective majority,5,24.97488124867677,20.459142551475676,30.268571108056733
Low harm + Protective majority,Low harm,Protective majority,6,24.750654121292477,18.966554768017094,31.58083000064638
Low harm + Protective majority,Low harm,Protective majority,7,24.739234009844736,18.902162455139287,33.407284895343444
Low harm + Protective majority,Low harm,Protective majority,8,24.962734381489668,18.876454656342922,33.83368626527845
Low harm + Protective majority,Low harm,Protective majority,9,25.043288214641745,18.870663432892847,35.20775542502676
Low harm + Protective majority,Low harm,Protective majority,10,25.076521766789206,18.627963080485667,34.60891055028776
Low harm + Protective majority,Low harm,Protective majority,11,25.55982739889486,18.6207331772343,35.23271663846117
Low harm + Protective majority,Low harm,Protective majority,12,25.997152093814638,18.6207331772343,36.9613901055922
Low harm + Protective majority,Low harm,Protective majority,13,26.4030674622608,18.6207331772343,39.23586720817898
Low harm + Protective majority,Low harm,Protective majority,14,26.675249730132737,18.6207331772343,38.614217438240644
Low harm + Protective majority,Low harm,Protective majority,15,27.1221444783102,18.611873470416874,38.188732030603774
Low harm + Protective majority,Low harm,Protective majority,16,27.60851813946993,18.611873470416874,40.850903233818926
Low harm + Protective majority,Low harm,Protective majority,17,28.170566073626716,18.611873470416874,41.76819227585913
Low harm + Protective majority,Low harm,Protective majority,18,28.814110305930072,18.611873470416874,42.45215907650477
Low harm + Defender leaning,Low harm,Defender leaning,0,25.0,25.0,25.0
Low harm + Defender leaning,Low harm,Defender leaning,1,26.04117819502858,24.931213108723536,27.189638878878164
Low harm + Defender leaning,Low harm,Defender leaning,2,27.607658382849184,26.540226930110336,29.17031832153713
Low harm + Defender leaning,Low harm,Defender leaning,3,28.94979433444915,26.71680594052681,31.067138964836108
Low harm + Defender leaning,Low harm,Defender leaning,4,30.6641586230356,27.135667667381767,33.61179110550121
Low harm + Defender leaning,Low harm,Defender leaning,5,32.109279859279454,27.96868088767122,36.23500823484896
Low harm + Defender leaning,Low harm,Defender leaning,6,32.836612316264095,27.688738600530293,38.2663327549443
Low harm + Defender leaning,Low harm,Defender leaning,7,34.28756920681167,28.60826210585075,40.45307256048559
Low harm + Defender leaning,Low harm,Defender leaning,8,35.634764427605745,28.449192040165606,43.75594067289748
Low harm + Defender leaning,Low harm,Defender leaning,9,36.95929476599076,27.271659800552136,46.13192525504081
Low harm + Defender leaning,Low harm,Defender leaning,10,38.028347760991636,25.026502778591983,48.52671511649568
Low harm + Defender leaning,Low harm,Defender leaning,11,39.40442898216759,24.89657682433231,51.145125411369726
Low harm + Defender leaning,Low harm,Defender leaning,12,41.045094702220325,23.920497009328663,54.56203250546387
Low harm + Defender leaning,Low harm,Defender leaning,13,42.385644846232005,22.464050981105252,57.53526696231698
Low harm + Defender leaning,Low harm,Defender leaning,14,43.53971794973838,22.008827069373552,60.41246706370502
Low harm + Defender leaning,Low harm,Defender leaning,15,45.414185545377435,21.893707335166265,63.8730127033409
Low harm + Defender leaning,Low harm,Defender leaning,16,46.97530905811728,21.28963263587016,68.46663910351093
Low harm + Defender leaning,Low harm,Defender leaning,17,49.103017272575244,22.216861448288302,71.52751936508241
Low harm + Defender leaning,Low harm,Defender leaning,18,49.99949045601354,19.922262162891794,74.17735097805412
Low harm + Balanced discussion,Low harm,Balanced discussion,0,25.0,25.0,25.0
Low harm + Balanced discussion,Low harm,Balanced discussion,1,26.65694423455587,25.919900508710775,27.65066967127908
Low harm + Balanced discussion,Low harm,Balanced discussion,2,28.919131903958522,27.978720214572117,30.100757735328216
Low harm + Balanced discussion,Low harm,Balanced discussion,3,30.88817275680326,29.40244774964272,32.75797169230022
Low harm + Balanced discussion,Low harm,Balanced discussion,4,32.822888494478434,30.352289875315705,34.92286324796366
Low harm + Balanced discussion,Low harm,Balanced discussion,5,35.40815722307301,33.00616017125438,38.501008111821264
Low harm + Balanced discussion,Low harm,Balanced discussion,6,37.87843523997608,33.807384375536785,41.674856375899424
Low harm + Balanced discussion,Low harm,Balanced discussion,7,40.763386475223705,37.01402423849406,44.4210232541798
Low harm + Balanced discussion,Low harm,Balanced discussion,8,43.65125577634277,40.23323340029051,48.47470478335781
Low harm + Balanced discussion,Low harm,Balanced discussion,9,46.021893649661685,43.566254790393984,52.22653222937834
Low harm + Balanced discussion,Low harm,Balanced discussion,10,48.93128476524107,45.68942214770881,55.16550532287429
Low harm + Balanced discussion,Low harm,Balanced discussion,11,52.115101493382696,47.78811178862179,58.27538830848315
Low harm + Balanced discussion,Low harm,Balanced discussion,12,55.05400557764494,50.43081025145477,61.22662052786747
Low harm + Balanced discussion,Low harm,Balanced discussion,13,58.50503775958501,54.379340841076456,64.70620693820615
Low harm + Balanced discussion,Low harm,Balanced discussion,14,61.88040214459318,57.57261977220225,68.53123944381701
Low harm + Balanced discussion,Low harm,Balanced discussion,15,65.35631941469083,61.62666127325578,72.66803791492887
Low harm + Balanced discussion,Low harm,Balanced discussion,16,68.75852663378359,64.33364747137564,77.06076784245025
Low harm + Balanced discussion,Low harm,Balanced discussion,17,71.54354644084647,67.45305877776367,80.89327463532067
Low harm + Balanced discussion,Low harm,Balanced discussion,18,74.29659252298201,71.11882779954648,81.8272646095977
Low harm + Silent majority,Low harm,Silent majority,0,25.0,25.0,25.0
Low harm + Silent majority,Low harm,Silent majority,1,27.062221621709146,26.440947132220934,27.905088467499322
Low harm + Silent majority,Low harm,Silent majority,2,28.89739325451799,28.220283797005045,29.815715233662406
Low harm + Silent majority,Low harm,Silent majority,3,30.65682465042793,29.638824876787815,32.28554420239039
Low harm + Silent majority,Low harm,Silent majority,4,32.59729244977409,30.563273716251583,34.75018143184887
Low harm + Silent majority,Low harm,Silent majority,5,34.99263758889814,33.33247556387879,37.23667281082647
Low harm + Silent majority,Low harm,Silent majority,6,36.66298374746546,34.300435392835105,39.7238547877841
Low harm + Silent majority,Low harm,Silent majority,7,39.33451281044565,37.41850021932564,42.43775168262897
Low harm + Silent majority,Low harm,Silent majority,8,42.26065988283624,41.04357374371251,45.93977289846758
Low harm + Silent majority,Low harm,Silent majority,9,44.579020352833204,43.02611341294904,49.48733157440487
Low harm + Silent majority,Low harm,Silent majority,10,47.45755923366967,43.61810145309161,52.30508592597796
Low harm + Silent majority,Low harm,Silent majority,11,50.02975968989894,47.05792384233325,54.91197524370054
Low harm + Silent majority,Low harm,Silent majority,12,53.192403658827494,50.81119151191757,58.73656190570692
Low harm + Silent majority,Low harm,Silent majority,13,56.17821744421878,53.326566244061866,62.8569083827153
Low harm + Silent majority,Low harm,Silent majority,14,58.86730068956562,55.172720395612856,65.37943534488352
Low harm + Silent majority,Low harm,Silent majority,15,61.88788050951768,59.74037304975067,68.87558889062782
Low harm + Silent majority,Low harm,Silent majority,16,64.79264125306749,60.515058201521974,72.85563136465561
Low harm + Silent majority,Low harm,Silent majority,17,67.99668958838889,64.0725975608281,77.4773880677159
Low harm + Silent majority,Low harm,Silent majority,18,70.4014891942873,66.19217497561658,80.17587164726226
Low harm + Bully-support leaning,Low harm,Bully-support leaning,0,25.0,25.0,25.0
Low harm + Bully-support leaning,Low harm,Bully-support leaning,1,27.72223661808583,26.983775369319012,28.709144549877763
Low harm + Bully-support leaning,Low harm,Bully-support leaning,2,30.911711341373437,30.041284164626262,32.74199829100917
Low harm + Bully-support leaning,Low harm,Bully-support leaning,3,34.37981169097233,32.41188178666945,36.21406163079895
Low harm + Bully-support leaning,Low harm,Bully-support leaning,4,37.873694264941676,36.01439098765884,40.268444602640315
Low harm + Bully-support leaning,Low harm,Bully-support leaning,5,42.162298701536365,39.64269682822416,44.463413986185884
Low harm + Bully-support leaning,Low harm,Bully-support leaning,6,46.18078223559008,43.92084813248872,48.98805806225944
Low harm + Bully-support leaning,Low harm,Bully-support leaning,7,50.52769514742388,47.563435224609066,53.458853312137705
Low harm + Bully-support leaning,Low harm,Bully-support leaning,8,55.54645050556242,53.020995215580285,58.30557668097879
Low harm + Bully-support leaning,Low harm,Bully-support leaning,9,60.07749196065846,57.997928779840535,63.310347724688896
Low harm + Bully-support leaning,Low harm,Bully-support leaning,10,64.83956736417603,62.11292179228053,67.60400059392445
Low harm + Bully-support leaning,Low harm,Bully-support leaning,11,70.23979385243852,67.29509436577345,72.71987918431685
Low harm + Bully-support leaning,Low harm,Bully-support leaning,12,75.55076329867579,72.97536382858296,79.25174916092539
Low harm + Bully-support leaning,Low harm,Bully-support leaning,13,80.56341114633094,77.55785234087242,84.30250146525759
Low harm + Bully-support leaning,Low harm,Bully-support leaning,14,82.39892066224003,80.82569921250695,84.80407669124716
Low harm + Bully-support leaning,Low harm,Bully-support leaning,15,82.94719647698254,80.92906979814917,84.90214388980391
Low harm + Bully-support leaning,Low harm,Bully-support leaning,16,83.06522331524133,80.92906979814917,84.90214388980391
Low harm + Bully-support leaning,Low harm,Bully-support leaning,17,83.24225013746052,81.17496895457569,84.90214388980391
Mild harm + Protective majority,Mild harm,Protective majority,0,35.0,35.0,35.0
Mild harm + Protective majority,Mild harm,Protective majority,1,35.904560347249074,34.72690377011844,36.71826261681424
Mild harm + Protective majority,Mild harm,Protective majority,2,37.39428303793026,35.85557939684396,39.05470635333439
Mild harm + Protective majority,Mild harm,Protective majority,3,39.45440093919574,36.093460127998185,42.51951414989388
Mild harm + Protective majority,Mild harm,Protective majority,4,41.28838446805585,37.04772019145907,45.672663231449874
Mild harm + Protective majority,Mild harm,Protective majority,5,42.8374816705053,36.53533226970623,49.20744834992504
Mild harm + Protective majority,Mild harm,Protective majority,6,44.45243421507073,36.87318790110711,51.43648014630316
Mild harm + Protective majority,Mild harm,Protective majority,7,46.12248525567422,34.689700923789545,54.595646034186835
Mild harm + Protective majority,Mild harm,Protective majority,8,48.03073268255992,36.18911195912897,57.243586454462694
Mild harm + Protective majority,Mild harm,Protective majority,9,49.750412585986396,35.1562955391403,58.878115950058245
Mild harm + Protective majority,Mild harm,Protective majority,10,51.30254733026776,34.64495953084324,61.78924048676941
Mild harm + Protective majority,Mild harm,Protective majority,11,53.20638698186402,36.50201431767944,65.18629401526965
Mild harm + Protective majority,Mild harm,Protective majority,12,54.1912497209298,34.2256301726924,68.32540823154481
Mild harm + Protective majority,Mild harm,Protective majority,13,55.473845584124966,33.204855358516554,71.03230357913353
Mild harm + Protective majority,Mild harm,Protective majority,14,56.742023700368534,32.57127726449428,74.03687023279812
Mild harm + Protective majority,Mild harm,Protective majority,15,58.39703961840428,30.402532121265608,79.3748881600076
Mild harm + Protective majority,Mild harm,Protective majority,16,59.249264060155625,29.012699141606227,80.7947581449452
Mild harm + Protective majority,Mild harm,Protective majority,17,59.62758178589302,27.058392484148737,81.43615660769622
Mild harm + Protective majority,Mild harm,Protective majority,18,59.91216635739048,23.73186368559069,81.43615660769622
Mild harm + Defender leaning,Mild harm,Defender leaning,0,35.0,35.0,35.0
Mild harm + Defender leaning,Mild harm,Defender leaning,1,36.52698108551832,35.428008278080405,37.59690773234434
Mild harm + Defender leaning,Mild harm,Defender leaning,2,39.21507543304571,38.36517020360332,40.40032266032295
Mild harm + Defender leaning,Mild harm,Defender leaning,3,41.97860449567942,40.383051226815084,44.28412871039244
Mild harm + Defender leaning,Mild harm,Defender leaning,4,45.36732064091457,42.91003714605658,48.30249048397215
Mild harm + Defender leaning,Mild harm,Defender leaning,5,47.7013048017044,44.60531658236456,51.08898853190684
Mild harm + Defender leaning,Mild harm,Defender leaning,6,50.77590787481065,47.08736400271012,53.767741166855465
Mild harm + Defender leaning,Mild harm,Defender leaning,7,53.95405060290865,50.57033541086676,57.544675992310374
Mild harm + Defender leaning,Mild harm,Defender leaning,8,56.87269418546738,54.31767823390321,62.12786812608653
Mild harm + Defender leaning,Mild harm,Defender leaning,9,60.35060463711457,57.958459176682794,65.92838246771771
Mild harm + Defender leaning,Mild harm,Defender leaning,10,63.708487262090124,61.1560592481361,70.55678984248219
Mild harm + Defender leaning,Mild harm,Defender leaning,11,66.50578064837356,62.998289567767465,72.87502993262669
Mild harm + Defender leaning,Mild harm,Defender leaning,12,70.42956873954999,67.99749943318335,78.65144345668239
Mild harm + Defender leaning,Mild harm,Defender leaning,13,73.45263098968668,72.03488869825213,81.40242184346249
Mild harm + Defender leaning,Mild harm,Defender leaning,14,75.84780520653972,77.38522736074776,81.88230274459877
Mild harm + Defender leaning,Mild harm,Defender leaning,15,77.31003457563025,79.80297497155667,82.6105397138842
Mild harm + Defender leaning,Mild harm,Defender leaning,16,77.91158573341467,80.32223154439379,83.18303296745233
Mild harm + Defender leaning,Mild harm,Defender leaning,17,78.05537882653586,80.32223154439379,83.18303296745233
Mild harm + Defender leaning,Mild harm,Defender leaning,18,78.46364382779754,80.37453178289445,83.35108923618641
Mild harm + Balanced discussion,Mild harm,Balanced discussion,0,35.0,35.0,35.0
Mild harm + Balanced discussion,Mild harm,Balanced discussion,1,37.508134599556215,36.706664242012614,38.14863192717624
Mild harm + Balanced discussion,Mild harm,Balanced discussion,2,40.64172464180418,39.98007698576932,41.63683271342388
Mild harm + Balanced discussion,Mild harm,Balanced discussion,3,43.4737333965599,41.54329417687157,45.19932927187512
Mild harm + Balanced discussion,Mild harm,Balanced discussion,4,46.738949877085346,44.3628093397813,48.26612446431032
Mild harm + Balanced discussion,Mild harm,Balanced discussion,5,50.015859740367794,48.06518111715665,52.235350642029225
Mild harm + Balanced discussion,Mild harm,Balanced discussion,6,53.82696032184048,51.61969538729552,56.4715109670708
Mild harm + Balanced discussion,Mild harm,Balanced discussion,7,57.53032991138789,54.45106300913319,61.98579508253158
Mild harm + Balanced discussion,Mild harm,Balanced discussion,8,61.09434420502799,57.63649382126062,64.54346898705269
Mild harm + Balanced discussion,Mild harm,Balanced discussion,9,65.07789119174225,61.6901107777683,69.54202710934192
Mild harm + Balanced discussion,Mild harm,Balanced discussion,10,68.9765287845243,63.81731568482793,72.88561640156445
Mild harm + Balanced discussion,Mild harm,Balanced discussion,11,73.16697446282375,67.71555289277521,78.17290711509958
Mild harm + Balanced discussion,Mild harm,Balanced discussion,12,76.56521726948571,72.22869976524734,82.1472186810418
Mild harm + Balanced discussion,Mild harm,Balanced discussion,13,79.08127975881209,77.24332415699253,82.92418544560987
Mild harm + Balanced discussion,Mild harm,Balanced discussion,14,80.72158248329885,81.11619888769951,83.3720393789367
Mild harm + Balanced discussion,Mild harm,Balanced discussion,15,81.13290934480435,81.29348393563734,83.62353854004287
Mild harm + Balanced discussion,Mild harm,Balanced discussion,16,81.2392297919724,81.29348393563734,83.62353854004287
Mild harm + Balanced discussion,Mild harm,Balanced discussion,17,81.38308571411137,81.29348393563734,83.62353854004287
Mild harm + Balanced discussion,Mild harm,Balanced discussion,18,81.59308351348345,81.60013936409203,84.03921364159947
Mild harm + Silent majority,Mild harm,Silent majority,0,35.0,35.0,35.0
Mild harm + Silent majority,Mild harm,Silent majority,1,37.96367061067521,37.30206747649342,39.05873248126178
Mild harm + Silent majority,Mild harm,Silent majority,2,40.91194697479113,40.131405761677776,42.10319525506955
Mild harm + Silent majority,Mild harm,Silent majority,3,43.50227180663138,41.683462738221635,44.906840111210414
Mild harm + Silent majority,Mild harm,Silent majority,4,46.38718611063185,45.01301436706656,47.96930237039673
Mild harm + Silent majority,Mild harm,Silent majority,5,49.14874361827723,47.54097887848147,50.54660363281031
Mild harm + Silent majority,Mild harm,Silent majority,6,52.150312548650064,49.795895516157564,54.657112520292195
Mild harm + Silent majority,Mild harm,Silent majority,7,55.985060022274006,53.513582304911886,57.75307139739927
Mild harm + Silent majority,Mild harm,Silent majority,8,60.37193578826816,58.03425494678221,62.35603109061654
Mild harm + Silent majority,Mild harm,Silent majority,9,64.27832461999763,62.33249459876522,66.45839907594211
Mild harm + Silent majority,Mild harm,Silent majority,10,68.52329856348888,65.685164483509,72.0046720881849
Mild harm + Silent majority,Mild harm,Silent majority,11,73.24871698488028,71.17130330652944,76.82055125122054
Mild harm + Silent majority,Mild harm,Silent majority,12,77.85179368357404,75.24767187276628,81.48046261305711
Mild harm + Silent majority,Mild harm,Silent majority,13,80.75325414529829,79.9431111109532,83.24528418050915
Mild harm + Silent majority,Mild harm,Silent majority,14,81.79078243518657,80.25067770202078,84.07980856455237
Mild harm + Silent majority,Mild harm,Silent majority,15,82.36069975696948,80.94598649152522,84.07980856455237
Mild harm + Silent majority,Mild harm,Silent majority,16,82.71689837900912,81.28155188985734,84.23169950445123
Mild harm + Bully-support leaning,Mild harm,Bully-support leaning,0,35.0,35.0,35.0
Mild harm + Bully-support leaning,Mild harm,Bully-support leaning,1,38.78637870624248,38.005242638336505,39.66771840015525
Mild harm + Bully-support leaning,Mild harm,Bully-support leaning,2,42.63483554482654,41.563187249232605,44.42587447593508
Mild harm + Bully-support leaning,Mild harm,Bully-support leaning,3,47.34848769498095,45.000606577774384,49.38702087473108
Mild harm + Bully-support leaning,Mild harm,Bully-support leaning,4,52.245810815668925,49.93723436118191,54.74107310839921
Mild harm + Bully-support leaning,Mild harm,Bully-support leaning,5,57.36732026634104,55.369598678987515,59.43998357219518
Mild harm + Bully-support leaning,Mild harm,Bully-support leaning,6,62.6867615295848,60.5648102128107,64.36730051915477
Mild harm + Bully-support leaning,Mild harm,Bully-support leaning,7,68.47528289080623,66.39535599981744,71.638843664469
Mild harm + Bully-support leaning,Mild harm,Bully-support leaning,8,74.69303206864606,71.62649915425158,77.4049000450253
Mild harm + Bully-support leaning,Mild harm,Bully-support leaning,9,79.7468897869718,78.1973198204399,82.15817024857506
Mild harm + Bully-support leaning,Mild harm,Bully-support leaning,10,82.65006814398677,81.44479529969898,84.12437354984615
Mild harm + Bully-support leaning,Mild harm,Bully-support leaning,11,83.35993269976353,81.65223833318427,84.26164849536444
Medium harm + Protective majority,Medium harm,Protective majority,0,40.0,40.0,40.0
Medium harm + Protective majority,Medium harm,Protective majority,1,42.131067102207275,40.87344961936125,43.30746845078987
Medium harm + Protective majority,Medium harm,Protective majority,2,46.29647297079047,45.54117988608235,47.52651470904049
Medium harm + Protective majority,Medium harm,Protective majority,3,50.03997730635798,49.125284792737006,51.50156823462094
Medium harm + Protective majority,Medium harm,Protective majority,4,54.07072836671027,53.532555518838784,55.85999791046264
Medium harm + Protective majority,Medium harm,Protective majority,5,57.4877063002283,56.20220430318206,60.78431148219316
Medium harm + Protective majority,Medium harm,Protective majority,6,61.51361898258296,59.803273068185355,64.23731769215995
Medium harm + Protective majority,Medium harm,Protective majority,7,65.52736786395536,64.03586244869918,69.48248142233474
Medium harm + Protective majority,Medium harm,Protective majority,8,69.12859429903044,67.77883661331448,74.30517075707688
Medium harm + Protective majority,Medium harm,Protective majority,9,72.5338289273096,72.19671761721038,77.96302724391988
Medium harm + Protective majority,Medium harm,Protective majority,10,75.71559085101266,75.44012429093895,81.82508663207467
Medium harm + Protective majority,Medium harm,Protective majority,11,77.90163402684458,78.9947513791712,82.85016194803437
Medium harm + Protective majority,Medium harm,Protective majority,12,79.03887709848328,81.27877281191724,83.29207059700454
Medium harm + Protective majority,Medium harm,Protective majority,13,79.26395793358917,81.27877281191724,83.29207059700454
Medium harm + Protective majority,Medium harm,Protective majority,14,79.35639548365084,81.46624542359939,83.29207059700454
Medium harm + Protective majority,Medium harm,Protective majority,15,79.30110099313568,81.46624542359939,83.29207059700454
Medium harm + Protective majority,Medium harm,Protective majority,16,79.2850993286504,81.46624542359939,83.29207059700454
Medium harm + Protective majority,Medium harm,Protective majority,17,79.26357533972235,81.46624542359939,83.29207059700454
Medium harm + Protective majority,Medium harm,Protective majority,18,79.28315513857659,81.46624542359939,83.29207059700454
Medium harm + Defender leaning,Medium harm,Defender leaning,0,40.0,40.0,40.0
Medium harm + Defender leaning,Medium harm,Defender leaning,1,42.75797160603443,41.390933172227776,43.807759984126186
Medium harm + Defender leaning,Medium harm,Defender leaning,2,47.412958293299795,46.52891351048414,48.49218800622323
Medium harm + Defender leaning,Medium harm,Defender leaning,3,51.79573522685594,50.52192015288269,53.20213077771227
Medium harm + Defender leaning,Medium harm,Defender leaning,4,56.5393256373479,54.84002028461304,59.523509934538865
Medium harm + Defender leaning,Medium harm,Defender leaning,5,60.65719257360852,57.97803886552701,63.39851394126836
Medium harm + Defender leaning,Medium harm,Defender leaning,6,65.33459680264026,63.682408277838356,68.58575243744997
Medium harm + Defender leaning,Medium harm,Defender leaning,7,70.64605810057024,68.61397069990915,73.8359643555917
Medium harm + Defender leaning,Medium harm,Defender leaning,8,75.14272388375548,71.9066154694223,79.35014659091591
Medium harm + Defender leaning,Medium harm,Defender leaning,9,79.45882777916572,76.87136209168713,82.793533238235
Medium harm + Defender leaning,Medium harm,Defender leaning,10,81.02018589310008,80.12719721151421,83.99388291362122
Medium harm + Defender leaning,Medium harm,Defender leaning,11,81.98055140961597,80.82914270039163,84.10089658646936
Medium harm + Defender leaning,Medium harm,Defender leaning,12,82.59502528722582,81.56237460682327,84.75810183040508
Medium harm + Defender leaning,Medium harm,Defender leaning,13,82.7696485022004,81.56237460682327,84.75810183040508
Medium harm + Defender leaning,Medium harm,Defender leaning,14,82.9494557571688,81.56237460682327,84.75810183040508
Medium harm + Defender leaning,Medium harm,Defender leaning,15,83.23951174327964,81.56668399545197,84.85579693980522
Medium harm + Balanced discussion,Medium harm,Balanced discussion,0,40.0,40.0,40.0
Medium harm + Balanced discussion,Medium harm,Balanced discussion,1,43.656286468330535,42.96298602962755,44.75163132587339
Medium harm + Balanced discussion,Medium harm,Balanced discussion,2,48.03844590740292,46.91275237747104,49.43029193676736
Medium harm + Balanced discussion,Medium harm,Balanced discussion,3,52.57057374138767,50.4075686631793,54.42898068815645
Medium harm + Balanced discussion,Medium harm,Balanced discussion,4,58.114506353961694,55.50195438316087,60.605912319896085
Medium harm + Balanced discussion,Medium harm,Balanced discussion,5,63.8609130771241,61.06493107136022,67.48751685480227
Medium harm + Balanced discussion,Medium harm,Balanced discussion,6,69.40107110118363,66.93628392040569,72.63778524335902
Medium harm + Balanced discussion,Medium harm,Balanced discussion,7,74.90228147834493,72.25187306380232,77.48018519088771
Medium harm + Balanced discussion,Medium harm,Balanced discussion,8,79.3929074765785,78.6043637152642,82.54219240442944
Medium harm + Balanced discussion,Medium harm,Balanced discussion,9,82.21080108469582,80.79835659603323,84.34366280240523
Medium harm + Balanced discussion,Medium harm,Balanced discussion,10,82.77799166007907,80.95074291339681,84.34366280240523
Medium harm + Balanced discussion,Medium harm,Balanced discussion,11,82.81752557322228,80.95074291339681,84.34366280240523
Medium harm + Balanced discussion,Medium harm,Balanced discussion,12,82.8787587693978,80.95074291339681,84.34366280240523
Medium harm + Balanced discussion,Medium harm,Balanced discussion,13,82.97489609202572,80.95074291339681,84.34366280240523
Medium harm + Balanced discussion,Medium harm,Balanced discussion,14,83.01102171057079,80.95074291339681,84.34366280240523
Medium harm + Balanced discussion,Medium harm,Balanced discussion,15,83.19461047583562,80.95074291339681,84.34366280240523
Medium harm + Silent majority,Medium harm,Silent majority,0,40.0,40.0,40.0
Medium harm + Silent majority,Medium harm,Silent majority,1,44.356799039378,43.51602580982675,45.2314953805139
Medium harm + Silent majority,Medium harm,Silent majority,2,48.73719354391809,47.648537864357564,50.19868734230928
Medium harm + Silent majority,Medium harm,Silent majority,3,52.74382378222763,51.659817585338274,54.1441398569002
Medium harm + Silent majority,Medium harm,Silent majority,4,57.31664289097355,54.555148302573855,59.25424122900649
Medium harm + Silent majority,Medium harm,Silent majority,5,61.60489093605273,59.98733609771291,62.816267620899445
Medium harm + Silent majority,Medium harm,Silent majority,6,66.72666654027226,64.36219282653495,68.96774357242097
Medium harm + Silent majority,Medium harm,Silent majority,7,72.55697791533473,69.56666288538293,75.17408501556409
Medium harm + Silent majority,Medium harm,Silent majority,8,77.94457759701005,75.54106044156737,80.99409394286151
Medium harm + Silent majority,Medium harm,Silent majority,9,81.897361649228,80.30220978386123,83.56340025003612
Medium harm + Silent majority,Medium harm,Silent majority,10,83.17450594075734,81.51017633529455,84.64871261048617
Medium harm + Silent majority,Medium harm,Silent majority,11,83.46383071211221,81.53504276354748,85.16136980596184
Medium harm + Bully-support leaning,Medium harm,Bully-support leaning,0,40.0,40.0,40.0
Medium harm + Bully-support leaning,Medium harm,Bully-support leaning,1,45.25208951726374,44.63396912575118,46.475708334986784
Medium harm + Bully-support leaning,Medium harm,Bully-support leaning,2,51.02136403541149,49.51018096995106,52.523819727888416
Medium harm + Bully-support leaning,Medium harm,Bully-support leaning,3,57.434784247514706,55.49462113808767,59.07105963320795
Medium harm + Bully-support leaning,Medium harm,Bully-support leaning,4,63.45369161573193,60.6145313034461,65.60371869681286
Medium harm + Bully-support leaning,Medium harm,Bully-support leaning,5,70.37627812847413,67.7107914054174,73.13232244874455
Medium harm + Bully-support leaning,Medium harm,Bully-support leaning,6,77.70241613406507,74.48938366942222,80.67626067396262
Medium harm + Bully-support leaning,Medium harm,Bully-support leaning,7,83.20783670597659,80.92297983040712,85.44665049345383
Medium harm + Bully-support leaning,Medium harm,Bully-support leaning,8,84.2084316514013,82.0171460392592,85.69578411330632
Upper-medium harm + Protective majority,Upper-medium harm,Protective majority,0,45.0,45.0,45.0
Upper-medium harm + Protective majority,Upper-medium harm,Protective majority,1,48.654837205596955,47.274491286027924,49.5817247718043
Upper-medium harm + Protective majority,Upper-medium harm,Protective majority,2,54.48094215785546,52.62480313914146,55.71781497312596
Upper-medium harm + Protective majority,Upper-medium harm,Protective majority,3,59.80488501079946,58.51681396955087,61.068610747075496
Upper-medium harm + Protective majority,Upper-medium harm,Protective majority,4,65.24373308660776,63.650302884679874,67.57713489535139
Upper-medium harm + Protective majority,Upper-medium harm,Protective majority,5,70.1447773169992,68.71477708221515,73.72552872297942
Upper-medium harm + Protective majority,Upper-medium harm,Protective majority,6,75.5302735764208,73.90387833313041,79.0286374715451
Upper-medium harm + Protective majority,Upper-medium harm,Protective majority,7,79.74700314788302,78.81387234965686,82.78910071343148
Upper-medium harm + Protective majority,Upper-medium harm,Protective majority,8,81.88335596000397,81.519792506355,84.13002005686147
Upper-medium harm + Protective majority,Upper-medium harm,Protective majority,9,82.10081946424593,81.71339667886232,84.14582827902451
Upper-medium harm + Protective majority,Upper-medium harm,Protective majority,10,82.10923242531685,81.71339667886232,84.14582827902451
Upper-medium harm + Protective majority,Upper-medium harm,Protective majority,11,82.06733698429795,81.71339667886232,84.14582827902451
Upper-medium harm + Protective majority,Upper-medium harm,Protective majority,12,82.17132892777268,81.71339667886232,84.14582827902451
Upper-medium harm + Protective majority,Upper-medium harm,Protective majority,13,82.15958028582637,81.71339667886232,84.14582827902451
Upper-medium harm + Protective majority,Upper-medium harm,Protective majority,14,82.1719575039096,81.71339667886232,84.14582827902451
Upper-medium harm + Protective majority,Upper-medium harm,Protective majority,15,82.19185509870681,81.71339667886232,84.14582827902451
Upper-medium harm + Protective majority,Upper-medium harm,Protective majority,16,82.1765987229559,81.71339667886232,84.14582827902451
Upper-medium harm + Protective majority,Upper-medium harm,Protective majority,17,82.23208587737001,81.71339667886232,84.14582827902451
Upper-medium harm + Protective majority,Upper-medium harm,Protective majority,18,82.13478357011121,81.71339667886232,84.14582827902451
Upper-medium harm + Defender leaning,Upper-medium harm,Defender leaning,0,45.0,45.0,45.0
Upper-medium harm + Defender leaning,Upper-medium harm,Defender leaning,1,49.1720120407849,47.74917234463528,50.27578222315558
Upper-medium harm + Defender leaning,Upper-medium harm,Defender leaning,2,55.76938413660562,54.524045797012285,56.56310780190717
Upper-medium harm + Defender leaning,Upper-medium harm,Defender leaning,3,62.05200680953413,60.57879351264072,63.85285162601892
Upper-medium harm + Defender leaning,Upper-medium harm,Defender leaning,4,68.6238185842524,67.06163079197977,70.8425107343541
Upper-medium harm + Defender leaning,Upper-medium harm,Defender leaning,5,75.324751470987,73.21335179769692,78.02454555080635
Upper-medium harm + Defender leaning,Upper-medium harm,Defender leaning,6,80.82387460734338,78.8463413272537,82.44163365041453
Upper-medium harm + Defender leaning,Upper-medium harm,Defender leaning,7,83.51312005757713,82.20027972437072,85.03915997006615
Upper-medium harm + Balanced discussion,Upper-medium harm,Balanced discussion,0,45.0,45.0,45.0
Upper-medium harm + Balanced discussion,Upper-medium harm,Balanced discussion,1,50.25267225337752,49.4229127038092,51.288811713943446
Upper-medium harm + Balanced discussion,Upper-medium harm,Balanced discussion,2,56.35630796729107,54.76551037628261,57.68597098044205
Upper-medium harm + Balanced discussion,Upper-medium harm,Balanced discussion,3,62.7924819601318,60.42763317207276,64.74526441376726
Upper-medium harm + Balanced discussion,Upper-medium harm,Balanced discussion,4,69.86535591180466,67.08628040369369,72.84035277562951
Upper-medium harm + Balanced discussion,Upper-medium harm,Balanced discussion,5,77.4045515867838,74.49737247156607,81.36695887218211
Upper-medium harm + Balanced discussion,Upper-medium harm,Balanced discussion,6,82.4469653245315,81.0625663355728,84.2041397344655
Upper-medium harm + Balanced discussion,Upper-medium harm,Balanced discussion,7,84.01885976062493,82.21977212863631,85.3679187218532
Upper-medium harm + Silent majority,Upper-medium harm,Silent majority,0,45.0,45.0,45.0
Upper-medium harm + Silent majority,Upper-medium harm,Silent majority,1,51.01849130834702,50.59626746196958,51.77628704718057
Upper-medium harm + Silent majority,Upper-medium harm,Silent majority,2,57.139689625369826,55.672985466635936,58.59520348936267
Upper-medium harm + Silent majority,Upper-medium harm,Silent majority,3,62.80176804691982,61.369433588832685,63.50275563861277
Upper-medium harm + Silent majority,Upper-medium harm,Silent majority,4,68.63311996091309,66.8664405220299,69.95082442546288
Upper-medium harm + Silent majority,Upper-medium harm,Silent majority,5,75.13267994981621,73.61838917978149,76.74260268333595
Upper-medium harm + Silent majority,Upper-medium harm,Silent majority,6,81.99829293126503,81.06563533065373,83.7791835925633
Upper-medium harm + Silent majority,Upper-medium harm,Silent majority,7,83.13686205925568,81.41198949145587,84.13600519070701
Upper-medium harm + Bully-support leaning,Upper-medium harm,Bully-support leaning,0,45.0,45.0,45.0
Upper-medium harm + Bully-support leaning,Upper-medium harm,Bully-support leaning,1,52.08634701016567,51.30770297121509,53.092930145155975
Upper-medium harm + Bully-support leaning,Upper-medium harm,Bully-support leaning,2,59.29459391086288,57.646555806681214,61.24485692568891
Upper-medium harm + Bully-support leaning,Upper-medium harm,Bully-support leaning,3,67.60228366357407,65.46874744968056,70.02321035091083
Upper-medium harm + Bully-support leaning,Upper-medium harm,Bully-support leaning,4,75.93178387200922,73.34718131806017,78.18896030462327
Upper-medium harm + Bully-support leaning,Upper-medium harm,Bully-support leaning,5,83.84936525460714,81.01267612980904,86.32291927643297
Upper-medium harm + Bully-support leaning,Upper-medium harm,Bully-support leaning,6,84.93357720231977,82.19236813640954,87.76372649472953
High harm + Protective majority,High harm,Protective majority,0,55.0,55.0,55.0
High harm + Protective majority,High harm,Protective majority,1,60.176133640383014,58.97701050757803,61.62667823570676
High harm + Protective majority,High harm,Protective majority,2,68.3426047895553,67.32665005491316,69.91104881734532
High harm + Protective majority,High harm,Protective majority,3,75.57250802165271,75.09507173377156,77.58185394531145
High harm + Protective majority,High harm,Protective majority,4,82.34929599264446,80.06906741376974,85.16101467172733
High harm + Protective majority,High harm,Protective majority,5,83.80496464023823,82.42605914357048,86.53892644601822
High harm + Protective majority,High harm,Protective majority,6,84.04212568340776,82.42605914357048,86.53892644601822
High harm + Protective majority,High harm,Protective majority,7,84.27272555817422,82.42605914357048,86.53892644601822
High harm + Defender leaning,High harm,Defender leaning,0,55.0,55.0,55.0
High harm + Defender leaning,High harm,Defender leaning,1,61.14426166783573,59.913439651078946,62.03538274178694
High harm + Defender leaning,High harm,Defender leaning,2,70.65770935125774,69.41129920968791,72.1149503413293
High harm + Defender leaning,High harm,Defender leaning,3,79.90500045146011,78.19860180108829,81.69254266947523
High harm + Defender leaning,High harm,Defender leaning,4,85.38537542953502,82.62197348451059,87.6223719129658
High harm + Balanced discussion,High harm,Balanced discussion,0,55.0,55.0,55.0
High harm + Balanced discussion,High harm,Balanced discussion,1,62.475293813210854,61.5989230559604,63.59509880454843
High harm + Balanced discussion,High harm,Balanced discussion,2,71.6467579510781,70.04283726945465,73.52715138088026
High harm + Balanced discussion,High harm,Balanced discussion,3,80.14312769401356,78.15360535175388,82.22171878610737
High harm + Balanced discussion,High harm,Balanced discussion,4,85.04284520884842,81.81924947606474,88.17739616161514
High harm + Silent majority,High harm,Silent majority,0,55.0,55.0,55.0
High harm + Silent majority,High harm,Silent majority,1,63.07732389323166,62.282582775232214,64.0024384781805
High harm + Silent majority,High harm,Silent majority,2,71.5299530367585,69.98548034174144,73.13721043882597
High harm + Silent majority,High harm,Silent majority,3,79.36027385513447,77.43048422823671,80.8462249556087
High harm + Silent majority,High harm,Silent majority,4,85.16653725105316,82.724714844566,87.10376326199355
High harm + Bully-support leaning,High harm,Bully-support leaning,0,55.0,55.0,55.0
High harm + Bully-support leaning,High harm,Bully-support leaning,1,64.8843871580388,63.99588257220792,65.66060036457316
High harm + Bully-support leaning,High harm,Bully-support leaning,2,75.30220644910892,73.4561939457009,77.26777070558518
High harm + Bully-support leaning,High harm,Bully-support leaning,3,85.40937398836361,83.59527736371169,88.31121790165516
High harm + Bully-support leaning,High harm,Bully-support leaning,4,86.06287520433904,83.9010922807521,88.70059668709922
