scenario,harm_profile,role_profile,runs,mean_initial_level,mean_final_level,mean_change,mean_average_level_over_time,mean_steps,got_worse_rate,calmed_down_rate,unresolved_rate,mean_support_bully_share,mean_support_victim_share,mean_stay_silent_share,mean_step_aside_share,calibration_band
Very low harm + Protective majority,Very low harm,Protective majority,30,15.0,14.41481174762173,-0.5851882523782699,14.707405873810865,1.0,0.0,1.0,0.0,0.1142063492063492,0.43444444444444447,0.30607142857142855,0.1452777777777778,Calming / very low escalation
Very low harm + Defender leaning,Very low harm,Defender leaning,30,15.0,14.740489954868378,-0.2595100451316217,14.87024497743419,1.0,0.0,1.0,0.0,0.1412301587301587,0.39095238095238094,0.316984126984127,0.15083333333333335,Calming / very low escalation
Very low harm + Balanced discussion,Very low harm,Balanced discussion,30,15.0,15.60435155894171,0.6043515589417101,15.302175779470854,1.0,0.0,1.0,0.0,0.229047619047619,0.2515476190476191,0.3443650793650794,0.17503968253968252,Calming / very low escalation
Very low harm + Silent majority,Very low harm,Silent majority,30,15.0,15.84651722120438,0.8465172212043797,15.423258610602193,1.0,0.0,1.0,0.0,0.22932539682539682,0.1660714285714286,0.4224603174603175,0.1821428571428572,Calming / very low escalation
Very low harm + Bully-support leaning,Very low harm,Bully-support leaning,30,15.0,16.311489883383405,1.3114898833834054,15.655744941691701,1.0,0.0,1.0,0.0,0.30879629629629624,0.18887566137566136,0.3393121693121693,0.163015873015873,Calming / very low escalation
Low harm + Protective majority,Low harm,Protective majority,30,25.0,28.814110305930072,3.814110305930072,27.800704592782573,10.166666666666666,0.0,0.7333333333333333,0.26666666666666666,0.12542343891795957,0.5255991749643746,0.19176087002756995,0.15721651609009585,Calming / very low escalation
Low harm + Defender leaning,Low harm,Defender leaning,30,25.0,49.99949045601354,24.99949045601354,37.49829191184144,16.233333333333334,0.16666666666666666,0.3,0.5333333333333333,0.2950487624296424,0.33788823685806874,0.17611709339185463,0.1909459073204342,Medium escalation / unresolved risk
Low harm + Balanced discussion,Low harm,Balanced discussion,30,25.0,74.29659252298202,49.296592522982024,46.66277611509153,17.433333333333334,0.5666666666666667,0.0,0.43333333333333335,0.43962244947390056,0.16914122897254819,0.16640695508047262,0.22482936647307875,High escalation
Low harm + Silent majority,Low harm,Silent majority,30,25.0,70.4014891942873,45.401489194287294,45.55447034924301,17.766666666666666,0.3,0.0,0.7,0.40225185479012077,0.16114979773302868,0.1305678391199357,0.30603050835691487,High escalation
Low harm + Bully-support leaning,Low harm,Bully-support leaning,30,25.0,83.24225013746052,58.242250137460516,50.92129171788683,13.366666666666667,1.0,0.0,0.0,0.6114380976135428,0.09340261565602136,0.1384135752741223,0.1567457114563137,High escalation
Mild harm + Protective majority,Mild harm,Protective majority,30,35.0,59.91216635739048,24.912166357390483,47.77295270414142,16.033333333333335,0.43333333333333335,0.2,0.36666666666666664,0.19193401576519753,0.39568386053580495,0.20494563389475548,0.207436489804242,Medium escalation / unresolved risk
Mild harm + Defender leaning,Mild harm,Defender leaning,30,35.0,78.46364382779754,43.46364382779754,54.521630637190405,14.366666666666667,0.8666666666666667,0.0,0.13333333333333333,0.33503280697418364,0.2287383156908322,0.2117024523360575,0.22452642499892664,High escalation
Mild harm + Balanced discussion,Mild harm,Balanced discussion,30,35.0,81.59308351348345,46.59308351348345,56.074103872040865,13.033333333333333,0.9666666666666667,0.0,0.03333333333333333,0.41667963041510386,0.1782230538561064,0.18696157040486988,0.21813574532391977,High escalation
Mild harm + Silent majority,Mild harm,Silent majority,30,35.0,82.71689837900912,47.71689837900912,56.157645972143904,13.033333333333333,1.0,0.0,0.0,0.4026999399894133,0.12792455701943964,0.14952551407455777,0.3198499889165894,High escalation
Mild harm + Bully-support leaning,Mild harm,Bully-support leaning,30,35.0,83.35993269976353,48.35993269976353,56.96872867208892,9.4,1.0,0.0,0.0,0.5626117903067186,0.10175570892065697,0.1730426707542015,0.16258983001842298,High escalation
Medium harm + Protective majority,Medium harm,Protective majority,30,40.0,79.2831551385766,39.2831551385766,58.84312083358104,11.3,0.9333333333333333,0.0,0.06666666666666667,0.24076592936400337,0.26335384058283473,0.2591059591385776,0.23677427091458433,High escalation
Medium harm + Defender leaning,Medium harm,Defender leaning,30,40.0,83.23951174327964,43.239511743279635,59.912517722630085,9.533333333333333,1.0,0.0,0.0,0.3311077545547657,0.20328633787149214,0.2324104436173646,0.23319546395637755,High escalation
Medium harm + Balanced discussion,Medium harm,Balanced discussion,30,40.0,83.1946104758356,43.1946104758356,59.94824820890791,8.533333333333333,1.0,0.0,0.0,0.41287324524919805,0.17056795956774504,0.21074593961877877,0.20581285556427825,High escalation
Medium harm + Silent majority,Medium harm,Silent majority,30,40.0,83.46383071211223,43.46383071211223,60.20640329352342,8.9,1.0,0.0,0.0,0.3796024566165364,0.1340702502882272,0.18080877451918076,0.30551851857605555,High escalation
Medium harm + Bully-support leaning,Medium harm,Bully-support leaning,30,40.0,84.20843165140128,44.208431651401284,60.64293200217685,6.833333333333333,1.0,0.0,0.0,0.547367926663739,0.11042051251116923,0.19286932994118947,0.14934223088390233,High escalation
Upper-medium harm + Protective majority,Upper-medium harm,Protective majority,30,45.0,82.13478357011122,37.134783570111225,62.750676952427575,7.533333333333333,0.9666666666666667,0.0,0.03333333333333333,0.225564181257546,0.26367619001655235,0.26873203656657263,0.242027592159329,High escalation
Upper-medium harm + Defender leaning,Upper-medium harm,Defender leaning,30,45.0,83.51312005757715,38.513120057577154,63.03990070542487,6.2,1.0,0.0,0.0,0.32086716920563335,0.1857357161985994,0.27083275448367894,0.2225643601120883,High escalation
Upper-medium harm + Balanced discussion,Upper-medium harm,Balanced discussion,30,45.0,84.01885976062493,39.018859760624935,63.12550826986015,5.866666666666666,1.0,0.0,0.0,0.40991681876948666,0.16421154226979057,0.2288553256823006,0.19701631327842212,High escalation
Upper-medium harm + Silent majority,Upper-medium harm,Silent majority,30,45.0,83.13686205925569,38.13686205925569,63.33352837917206,6.066666666666666,1.0,0.0,0.0,0.35373843329877225,0.15571383022844226,0.2289458141150254,0.2616019223577601,High escalation
Upper-medium harm + Bully-support leaning,Upper-medium harm,Bully-support leaning,30,45.0,84.93357720231977,39.93357720231977,63.94232922015926,4.966666666666667,1.0,0.0,0.0,0.5184176118447072,0.12436606050775485,0.1992173367032013,0.15799899094433664,High escalation
High harm + Protective majority,High harm,Protective majority,30,55.0,84.27272555817422,29.272725558174216,68.82583714031986,4.2,1.0,0.0,0.0,0.19551181561688538,0.26593057649435764,0.2973324337393203,0.24122517414943656,High escalation
High harm + Defender leaning,High harm,Defender leaning,30,55.0,85.38537542953499,30.38537542953499,69.25297546979472,3.6,1.0,0.0,0.0,0.3087119089375518,0.19168487868622672,0.27523357317486535,0.2243696392013561,High escalation
High harm + Balanced discussion,High harm,Balanced discussion,30,55.0,85.04284520884842,30.04284520884842,69.3886007933313,3.466666666666667,1.0,0.0,0.0,0.35876739551729514,0.1936014899561469,0.25538777013949027,0.19224334438706772,High escalation
High harm + Silent majority,High harm,Silent majority,30,55.0,85.16653725105316,30.166537251053157,69.90127863850684,3.6666666666666665,1.0,0.0,0.0,0.3225540296946298,0.1902282128973399,0.2555026944318956,0.23171506297613476,High escalation
High harm + Bully-support leaning,High harm,Bully-support leaning,30,55.0,86.06287520433905,31.06287520433905,70.32776170645808,3.033333333333333,1.0,0.0,0.0,0.4936227993997793,0.14238374257529027,0.19648774501099464,0.16750571301393577,High escalation
