case_id,initial_aggression,toxicity_level,profanity_level,identity_attack_level,like_influence,retweet_influence,defender_pct,instigator_pct,neutral_pct,other_pct,mean_initial,mean_final,mean_change,mean_average_level,got_worse_rate,calmed_down_rate,unresolved_rate,mean_steps
1,22,0,0.0,0.0,5,5,50,5,40,5,22.0,19.374309274453665,-2.6256907255463346,21.36406484100593,0.0,0.9666666666666667,0.03333333333333333,4.9
2,22,0,0.0,0.0,5,5,50,10,35,5,22.0,19.82694725675757,-2.1730527432424296,22.075229166476017,0.0,0.9333333333333333,0.06666666666666667,6.133333333333334
3,22,0,0.0,0.0,5,5,50,15,30,5,22.0,24.52994940085473,2.529949400854729,24.02343746139112,0.0,0.8,0.2,8.2
4,22,0,0.0,0.0,5,5,50,20,25,5,22.0,23.191337712016864,1.191337712016864,23.96512917629024,0.0,0.8,0.2,8.866666666666667
5,22,0,0.0,0.0,5,5,60,5,30,5,22.0,18.653500515189606,-3.346499484810394,20.882058648577527,0.0,1.0,0.0,3.533333333333333
6,22,0,0.0,0.0,5,5,60,10,25,5,22.0,19.740405524965936,-2.2595944750340635,21.682268962226193,0.0,0.9666666666666667,0.03333333333333333,4.866666666666666
7,22,0,0.0,0.0,5,5,60,15,20,5,22.0,19.68588841953761,-2.3141115804623915,22.244512419130082,0.0,0.9666666666666667,0.03333333333333333,6.5
8,22,0,0.0,0.0,5,5,60,20,15,5,22.0,23.506598726428088,1.5065987264280878,23.611837031977636,0.0,0.8333333333333334,0.16666666666666666,7.5
9,22,0,0.0,0.0,5,5,70,5,20,5,22.0,18.642808675573164,-3.357191324426836,20.77478013149834,0.0,1.0,0.0,2.8
10,22,0,0.0,0.0,5,5,70,10,15,5,22.0,19.41296166514949,-2.5870383348505115,21.09454651481984,0.0,0.9666666666666667,0.03333333333333333,3.433333333333333
11,22,0,0.0,0.0,5,5,70,15,10,5,22.0,22.74175713639101,0.7417571363910085,22.79176597012943,0.0,0.8666666666666667,0.13333333333333333,5.366666666666666
12,22,0,0.0,0.0,5,5,70,20,5,5,22.0,23.727846996301018,1.7278469963010181,23.243392331505827,0.0,0.8333333333333334,0.16666666666666666,5.6
13,22,0,0.0,0.0,5,5,80,5,10,5,22.0,19.328846437274958,-2.671153562725042,20.889659151916153,0.0,0.9666666666666667,0.03333333333333333,2.7666666666666666
14,22,0,0.0,0.0,5,5,80,10,5,5,22.0,20.90231826646536,-1.097681733534639,22.013216229639266,0.0,0.9333333333333333,0.06666666666666667,4.033333333333333
15,22,5,2.5,3.0,5,5,50,5,40,5,22.0,22.429233187122918,0.429233187122918,23.067886737622374,0.0,0.8333333333333334,0.16666666666666666,7.1
16,22,5,2.5,3.0,5,5,50,10,35,5,22.0,26.061146853792806,4.061146853792806,25.119941845517296,0.0,0.8,0.2,9.333333333333334
17,22,5,2.5,3.0,5,5,50,15,30,5,22.0,32.68119121988176,10.681191219881761,28.0696120206819,0.0,0.5,0.5,12.6
18,22,5,2.5,3.0,5,5,50,20,25,5,22.0,40.07523901133831,18.07523901133831,30.426489206664193,0.0,0.4,0.6,12.7
19,22,5,2.5,3.0,5,5,60,5,30,5,22.0,20.57523754336027,-1.42476245663973,22.128043396937468,0.0,0.9333333333333333,0.06666666666666667,5.533333333333333
20,22,5,2.5,3.0,5,5,60,10,25,5,22.0,26.29359845915803,4.29359845915803,25.23903905351848,0.0,0.7666666666666667,0.23333333333333334,9.266666666666667
21,22,5,2.5,3.0,5,5,60,15,20,5,22.0,30.610811719510206,8.610811719510206,26.758392197306254,0.0,0.6,0.4,10.666666666666666
22,22,5,2.5,3.0,5,5,60,20,15,5,22.0,33.77150819570469,11.77150819570469,28.039162206987235,0.0,0.5333333333333333,0.4666666666666667,11.033333333333333
23,22,5,2.5,3.0,5,5,70,5,20,5,22.0,20.982096156618628,-1.0179038433813723,22.0833189231009,0.0,0.9333333333333333,0.06666666666666667,4.633333333333334
24,22,5,2.5,3.0,5,5,70,10,15,5,22.0,21.05821027939004,-0.941789720609961,22.68004436954402,0.0,0.9333333333333333,0.06666666666666667,5.966666666666667
25,22,5,2.5,3.0,5,5,70,15,10,5,22.0,28.67092545606058,6.67092545606058,25.727523569631323,0.0,0.7,0.3,8.2
26,22,5,2.5,3.0,5,5,70,20,5,5,22.0,28.760730035762403,6.760730035762403,25.788935336377225,0.0,0.7333333333333333,0.26666666666666666,7.766666666666667
27,22,5,2.5,3.0,5,5,80,5,10,5,22.0,19.913946063767536,-2.0860539362324637,21.62308695231514,0.0,0.9666666666666667,0.03333333333333333,4.066666666666666
28,22,5,2.5,3.0,5,5,80,10,5,5,22.0,26.060530795915422,4.060530795915422,24.649957994940355,0.0,0.7666666666666667,0.23333333333333334,7.166666666666667
29,22,10,5.0,6.0,10,10,50,5,40,5,22.0,30.855369303477048,8.855369303477048,27.489864558065708,0.0,0.6,0.4,10.966666666666667
30,22,10,5.0,6.0,10,10,50,10,35,5,22.0,40.523643741663584,18.523643741663584,31.528114641145017,0.0,0.4,0.6,13.933333333333334
31,22,10,5.0,6.0,10,10,50,15,30,5,22.0,48.83331555969759,26.83331555969759,34.96351892632587,0.06666666666666667,0.26666666666666666,0.6666666666666666,15.066666666666666
32,22,10,5.0,6.0,10,10,50,20,25,5,22.0,59.449496108853886,37.449496108853886,39.13695166659449,0.16666666666666666,0.16666666666666666,0.6666666666666666,16.066666666666666
33,22,10,5.0,6.0,10,10,60,5,30,5,22.0,28.66038859605029,6.660388596050289,26.274521913269307,0.0,0.7333333333333333,0.26666666666666666,9.4
34,22,10,5.0,6.0,10,10,60,10,25,5,22.0,39.30918533383324,17.30918533383324,31.166425039976367,0.0,0.5,0.5,12.833333333333334
35,22,10,5.0,6.0,10,10,60,15,20,5,22.0,42.96910419227697,20.969104192276973,32.324914829813274,0.06666666666666667,0.36666666666666664,0.5666666666666667,14.566666666666666
36,22,10,5.0,6.0,10,10,60,20,15,5,22.0,52.06602186333212,30.066021863332118,36.605248771661714,0.03333333333333333,0.2,0.7666666666666667,15.3
37,22,10,5.0,6.0,10,10,70,5,20,5,22.0,25.935655722197296,3.9356557221972963,25.59972435874889,0.0,0.7333333333333333,0.26666666666666666,8.466666666666667
38,22,10,5.0,6.0,10,10,70,10,15,5,22.0,28.104853819908246,6.1048538199082465,26.44179614993186,0.0,0.7666666666666667,0.23333333333333334,9.2
39,22,10,5.0,6.0,10,10,70,15,10,5,22.0,37.8239875466373,15.823987546637298,30.60216638071224,0.0,0.5333333333333333,0.4666666666666667,11.666666666666666
40,22,10,5.0,6.0,10,10,70,20,5,5,22.0,52.33367573475119,30.33367573475119,36.85016080869991,0.16666666666666666,0.3,0.5333333333333333,14.333333333333334
41,22,10,5.0,6.0,10,10,80,5,10,5,22.0,24.000014789384156,2.0000147893841564,24.195607916701427,0.0,0.8666666666666667,0.13333333333333333,6.533333333333333
42,22,10,5.0,6.0,10,10,80,10,5,5,22.0,31.84557776998228,9.845577769982281,27.923982758084172,0.03333333333333333,0.7,0.26666666666666666,9.2
43,22,15,7.5,9.0,15,15,50,5,40,5,22.0,47.631212323441765,25.631212323441765,34.65590863786623,0.03333333333333333,0.36666666666666664,0.6,13.866666666666667
44,22,15,7.5,9.0,15,15,50,10,35,5,22.0,61.86822169767402,39.86822169767402,40.70571876474924,0.26666666666666666,0.13333333333333333,0.6,16.333333333333332
45,22,15,7.5,9.0,15,15,50,15,30,5,22.0,70.78762878645381,48.78762878645381,44.28072837676034,0.36666666666666664,0.06666666666666667,0.5666666666666667,16.6
46,22,15,7.5,9.0,15,15,50,20,25,5,22.0,73.54930884543829,51.54930884543829,45.52317353877667,0.6666666666666666,0.03333333333333333,0.3,17.2
47,22,15,7.5,9.0,15,15,60,5,30,5,22.0,43.59105024082763,21.591050240827627,33.449340638000486,0.06666666666666667,0.36666666666666664,0.5666666666666667,14.0
48,22,15,7.5,9.0,15,15,60,10,25,5,22.0,59.125596177091765,37.125596177091765,39.83497400866774,0.13333333333333333,0.26666666666666666,0.6,15.166666666666666
49,22,15,7.5,9.0,15,15,60,15,20,5,22.0,64.82007828418041,42.82007828418041,41.72494628511057,0.3333333333333333,0.1,0.5666666666666667,16.3
50,22,15,7.5,9.0,15,15,60,20,15,5,22.0,69.69040628341799,47.690406283417985,44.014298605110085,0.5666666666666667,0.06666666666666667,0.36666666666666664,16.6
51,22,15,7.5,9.0,15,15,70,5,20,5,22.0,41.391501400430656,19.391501400430656,32.349037829326036,0.03333333333333333,0.4666666666666667,0.5,12.266666666666667
52,22,15,7.5,9.0,15,15,70,10,15,5,22.0,48.80672145405572,26.80672145405572,35.29685539268665,0.06666666666666667,0.3333333333333333,0.6,13.866666666666667
53,22,15,7.5,9.0,15,15,70,15,10,5,22.0,62.879914231029986,40.879914231029986,40.98984419187944,0.3,0.2,0.5,14.833333333333334
54,22,15,7.5,9.0,15,15,70,20,5,5,22.0,68.96509787298139,46.96509787298139,43.70861259510671,0.5666666666666667,0.13333333333333333,0.3,15.566666666666666
55,22,15,7.5,9.0,15,15,80,5,10,5,22.0,36.15447232673693,14.15447232673693,29.82276657458778,0.0,0.6,0.4,10.233333333333333
56,22,15,7.5,9.0,15,15,80,10,5,5,22.0,47.468642144729195,25.468642144729195,35.0255703327586,0.1,0.43333333333333335,0.4666666666666667,12.766666666666667
57,22,20,10.0,12.0,20,20,50,5,40,5,22.0,71.98043702009798,49.98043702009798,45.08202815975656,0.5,0.1,0.4,16.033333333333335
58,22,20,10.0,12.0,20,20,50,10,35,5,22.0,74.8664615578112,52.866461557811206,46.76295904562827,0.7666666666666667,0.03333333333333333,0.2,15.933333333333334
59,22,20,10.0,12.0,20,20,50,15,30,5,22.0,78.69653029373757,56.69653029373757,48.0117405804528,0.8,0.03333333333333333,0.16666666666666666,15.2
60,22,20,10.0,12.0,20,20,50,20,25,5,22.0,79.53940060712596,57.539400607125955,48.15166933121545,0.8666666666666667,0.0,0.13333333333333333,14.8
61,22,20,10.0,12.0,20,20,60,5,30,5,22.0,66.82497291956675,44.82497291956675,43.230214294917786,0.43333333333333335,0.13333333333333333,0.43333333333333335,16.033333333333335
62,22,20,10.0,12.0,20,20,60,10,25,5,22.0,73.62346809282963,51.623468092829626,46.18589587948099,0.7333333333333333,0.03333333333333333,0.23333333333333334,16.3
63,22,20,10.0,12.0,20,20,60,15,20,5,22.0,75.31336193819148,53.31336193819148,46.71141744513295,0.7333333333333333,0.03333333333333333,0.23333333333333334,15.7
64,22,20,10.0,12.0,20,20,60,20,15,5,22.0,79.63443892476425,57.634438924764254,48.20856234934831,0.8666666666666667,0.0,0.13333333333333333,15.066666666666666
65,22,20,10.0,12.0,20,20,70,5,20,5,22.0,61.62696231369534,39.62696231369534,40.69928983254673,0.26666666666666666,0.23333333333333334,0.5,14.866666666666667
66,22,20,10.0,12.0,20,20,70,10,15,5,22.0,66.32190641259754,44.32190641259754,42.642034430841335,0.4666666666666667,0.2,0.3333333333333333,14.433333333333334
67,22,20,10.0,12.0,20,20,70,15,10,5,22.0,69.30618961595172,47.30618961595172,43.84705329490355,0.7,0.1,0.2,15.166666666666666
68,22,20,10.0,12.0,20,20,70,20,5,5,22.0,75.30203803718459,53.30203803718459,45.99657254398986,0.8,0.06666666666666667,0.13333333333333333,14.566666666666666
69,22,20,10.0,12.0,20,20,80,5,10,5,22.0,62.72969092304304,40.72969092304304,41.01712376985229,0.3333333333333333,0.2,0.4666666666666667,14.866666666666667
70,22,20,10.0,12.0,20,20,80,10,5,5,22.0,61.36708439216692,39.36708439216692,40.85401923950768,0.6,0.26666666666666666,0.13333333333333333,13.4
71,22,25,12.5,15.0,25,25,50,5,40,5,22.0,78.26055646162203,56.26055646162203,48.210209571464844,0.9,0.06666666666666667,0.03333333333333333,15.133333333333333
72,22,25,12.5,15.0,25,25,50,10,35,5,22.0,81.44159881395075,59.44159881395075,49.2781805121037,0.9666666666666667,0.0,0.03333333333333333,14.4
73,22,25,12.5,15.0,25,25,50,15,30,5,22.0,82.26848884369356,60.26848884369356,49.363360555093394,0.9666666666666667,0.0,0.03333333333333333,13.733333333333333
74,22,25,12.5,15.0,25,25,50,20,25,5,22.0,83.15211856974976,61.15211856974976,49.956744786001074,1.0,0.0,0.0,13.2
75,22,25,12.5,15.0,25,25,60,5,30,5,22.0,74.86787456246542,52.86787456246542,47.08850691533901,0.7666666666666667,0.06666666666666667,0.16666666666666666,15.666666666666666
76,22,25,12.5,15.0,25,25,60,10,25,5,22.0,79.34061624129224,57.34061624129224,48.61712812036191,0.9,0.0,0.1,14.933333333333334
77,22,25,12.5,15.0,25,25,60,15,20,5,22.0,79.20805154526953,57.20805154526953,48.458636426971296,0.8333333333333334,0.0,0.16666666666666666,14.233333333333333
78,22,25,12.5,15.0,25,25,60,20,15,5,22.0,83.16441577191694,61.164415771916936,49.881272646219124,1.0,0.0,0.0,13.5
79,22,25,12.5,15.0,25,25,70,5,20,5,22.0,71.5528911047758,49.552891104775796,45.50907816268095,0.7,0.13333333333333333,0.16666666666666666,15.4
80,22,25,12.5,15.0,25,25,70,10,15,5,22.0,74.64274566504629,52.64274566504629,46.466722200868546,0.7666666666666667,0.03333333333333333,0.2,15.6
81,22,25,12.5,15.0,25,25,70,15,10,5,22.0,80.03954038015173,58.039540380151735,49.14805009098531,0.9333333333333333,0.0,0.06666666666666667,14.533333333333333
82,22,25,12.5,15.0,25,25,70,20,5,5,22.0,81.22700159816631,59.22700159816631,49.16066643335936,0.9333333333333333,0.0,0.06666666666666667,13.566666666666666
83,22,25,12.5,15.0,25,25,80,5,10,5,22.0,68.72240433446822,46.72240433446822,44.4535664374495,0.6666666666666666,0.16666666666666666,0.16666666666666666,15.333333333333334
84,22,25,12.5,15.0,25,25,80,10,5,5,22.0,74.7796698119351,52.77966981193509,46.40910949132904,0.8,0.06666666666666667,0.13333333333333333,14.266666666666667
85,22,30,15.0,18.0,30,30,50,5,40,5,22.0,81.5173424891091,59.5173424891091,49.512238305714185,0.9666666666666667,0.0,0.03333333333333333,14.333333333333334
86,22,30,15.0,18.0,30,30,50,10,35,5,22.0,82.9989257857897,60.998925785789694,50.18869637111577,1.0,0.0,0.0,13.0
87,22,30,15.0,18.0,30,30,50,15,30,5,22.0,83.13705365619789,61.13705365619789,50.43284364274816,1.0,0.0,0.0,12.3
88,22,30,15.0,18.0,30,30,50,20,25,5,22.0,82.40982799082846,60.40982799082846,50.02755673369673,0.9666666666666667,0.0,0.03333333333333333,11.7
89,22,30,15.0,18.0,30,30,60,5,30,5,22.0,81.3709362928116,59.37093629281161,49.50203762792103,0.9666666666666667,0.0,0.03333333333333333,14.466666666666667
90,22,30,15.0,18.0,30,30,60,10,25,5,22.0,80.83141077227648,58.831410772276485,49.44489266707626,0.9333333333333333,0.0,0.06666666666666667,13.466666666666667
91,22,30,15.0,18.0,30,30,60,15,20,5,22.0,81.13020187838184,59.13020187838184,49.76308692226156,0.9333333333333333,0.0,0.06666666666666667,12.8
92,22,30,15.0,18.0,30,30,60,20,15,5,22.0,83.64154499531138,61.64154499531138,50.35099481951827,1.0,0.0,0.0,11.733333333333333
93,22,30,15.0,18.0,30,30,70,5,20,5,22.0,78.69717050056111,56.697170500561114,48.419026566930384,0.8666666666666667,0.0,0.13333333333333333,14.833333333333334
94,22,30,15.0,18.0,30,30,70,10,15,5,22.0,78.62738979387046,56.627389793870464,48.77141212476518,0.9333333333333333,0.0,0.06666666666666667,14.066666666666666
95,22,30,15.0,18.0,30,30,70,15,10,5,22.0,82.09499501610897,60.09499501610897,50.336179054459265,0.9666666666666667,0.0,0.03333333333333333,12.666666666666666
96,22,30,15.0,18.0,30,30,70,20,5,5,22.0,83.05675760294868,61.05675760294868,50.29522931337441,1.0,0.0,0.0,11.733333333333333
97,22,30,15.0,18.0,30,30,80,5,10,5,22.0,76.00101397916215,54.00101397916215,47.24027536230689,0.8333333333333334,0.06666666666666667,0.1,14.633333333333333
98,22,30,15.0,18.0,30,30,80,10,5,5,22.0,78.98896074910269,56.98896074910269,48.60370632208478,0.9,0.0,0.1,13.6
99,26,0,0.0,0.0,5,5,50,5,40,5,26.0,19.59992916014825,-6.40007083985175,24.215237504240967,0.0,0.9666666666666667,0.03333333333333333,7.233333333333333
100,26,0,0.0,0.0,5,5,50,10,35,5,26.0,20.619990883136595,-5.380009116863405,24.847670450563275,0.0,0.9333333333333333,0.06666666666666667,8.9
101,26,0,0.0,0.0,5,5,50,15,30,5,26.0,27.550239318034645,1.5502393180346452,27.807338580034727,0.0,0.7,0.3,11.566666666666666
102,26,0,0.0,0.0,5,5,50,20,25,5,26.0,26.161351043594472,0.16135104359447183,27.730135545491503,0.0,0.6666666666666666,0.3333333333333333,12.033333333333333
103,26,0,0.0,0.0,5,5,60,5,30,5,26.0,18.85928432664007,-7.1407156733599315,23.58184246877543,0.0,1.0,0.0,6.2
104,26,0,0.0,0.0,5,5,60,10,25,5,26.0,19.121797932829757,-6.878202067170243,24.37900982402009,0.0,0.9666666666666667,0.03333333333333333,8.333333333333334
105,26,0,0.0,0.0,5,5,60,15,20,5,26.0,25.6661530199302,-0.33384698006980074,27.008323695161724,0.0,0.7666666666666667,0.23333333333333334,9.866666666666667
106,26,0,0.0,0.0,5,5,60,20,15,5,26.0,26.80297403132205,0.8029740313220515,27.320967988171844,0.0,0.6,0.4,10.766666666666667
107,26,0,0.0,0.0,5,5,70,5,20,5,26.0,18.50412024220078,-7.495879757799219,23.27024453609807,0.0,1.0,0.0,5.533333333333333
108,26,0,0.0,0.0,5,5,70,10,15,5,26.0,19.32227177717574,-6.6777282228242605,23.721700052695283,0.0,0.9666666666666667,0.03333333333333333,6.166666666666667
109,26,0,0.0,0.0,5,5,70,15,10,5,26.0,21.947700011095602,-4.052299988904398,25.32517472422487,0.0,0.8666666666666667,0.13333333333333333,8.2
110,26,0,0.0,0.0,5,5,70,20,5,5,26.0,24.574343174107508,-1.4256568258924922,26.618720481949932,0.0,0.8,0.2,8.833333333333334
111,26,0,0.0,0.0,5,5,80,5,10,5,26.0,18.6717040010613,-7.3282959989386995,23.031708726104892,0.0,1.0,0.0,4.7
112,26,0,0.0,0.0,5,5,80,10,5,5,26.0,21.76433896452272,-4.235661035477278,24.87586281555614,0.0,0.8666666666666667,0.13333333333333333,6.833333333333333
113,26,5,2.5,3.0,5,5,50,5,40,5,26.0,23.17399780796996,-2.826002192030039,26.68060149968882,0.0,0.8,0.2,9.7
114,26,5,2.5,3.0,5,5,50,10,35,5,26.0,29.92812395614822,3.9281239561482195,29.250163437977914,0.0,0.6333333333333333,0.36666666666666664,12.933333333333334
115,26,5,2.5,3.0,5,5,50,15,30,5,26.0,32.679956942994835,6.679956942994835,30.436866070805664,0.0,0.5333333333333333,0.4666666666666667,13.166666666666666
116,26,5,2.5,3.0,5,5,50,20,25,5,26.0,39.48567865481742,13.48567865481742,33.046880601444826,0.03333333333333333,0.36666666666666664,0.6,14.466666666666667
117,26,5,2.5,3.0,5,5,60,5,30,5,26.0,20.55673020013227,-5.443269799867728,25.040920235278996,0.0,0.9,0.1,8.4
118,26,5,2.5,3.0,5,5,60,10,25,5,26.0,30.75260732630152,4.7526073263015185,29.49776858466404,0.0,0.6666666666666666,0.3333333333333333,11.666666666666666
119,26,5,2.5,3.0,5,5,60,15,20,5,26.0,32.738554705667305,6.738554705667305,30.086522068952796,0.0,0.6666666666666666,0.3333333333333333,11.533333333333333
120,26,5,2.5,3.0,5,5,60,20,15,5,26.0,34.921509449926496,8.921509449926496,31.347576918796566,0.0,0.5,0.5,13.533333333333333
121,26,5,2.5,3.0,5,5,70,5,20,5,26.0,21.645883062721627,-4.3541169372783735,25.117539170203255,0.0,0.9,0.1,7.8
122,26,5,2.5,3.0,5,5,70,10,15,5,26.0,21.538664616487964,-4.461335383512036,25.777691774523113,0.0,0.9333333333333333,0.06666666666666667,8.9
123,26,5,2.5,3.0,5,5,70,15,10,5,26.0,28.67935814989626,2.6793581498962595,28.741669691198233,0.0,0.6666666666666666,0.3333333333333333,10.5
124,26,5,2.5,3.0,5,5,70,20,5,5,26.0,30.828202959639228,4.828202959639228,29.665903846820484,0.0,0.6333333333333333,0.36666666666666664,10.966666666666667
125,26,5,2.5,3.0,5,5,80,5,10,5,26.0,20.810915337331625,-5.189084662668375,24.701500770252114,0.0,0.9,0.1,7.366666666666666
126,26,5,2.5,3.0,5,5,80,10,5,5,26.0,28.641542852732268,2.641542852732268,28.071750805202104,0.0,0.7333333333333333,0.26666666666666666,9.366666666666667
127,26,10,5.0,6.0,10,10,50,5,40,5,26.0,32.679169926163496,6.679169926163496,31.247581161714823,0.0,0.6333333333333333,0.36666666666666664,13.733333333333333
128,26,10,5.0,6.0,10,10,50,10,35,5,26.0,43.08533326061284,17.085333260612842,34.88743731759901,0.03333333333333333,0.3333333333333333,0.6333333333333333,15.766666666666667
129,26,10,5.0,6.0,10,10,50,15,30,5,26.0,51.79012690274547,25.79012690274547,38.18535017965266,0.2,0.26666666666666666,0.5333333333333333,16.033333333333335
130,26,10,5.0,6.0,10,10,50,20,25,5,26.0,61.736395644500774,35.736395644500774,42.20984003940278,0.26666666666666666,0.13333333333333333,0.6,16.8
131,26,10,5.0,6.0,10,10,60,5,30,5,26.0,30.08667151329597,4.086671513295968,29.54585361451909,0.0,0.6666666666666666,0.3333333333333333,12.133333333333333
132,26,10,5.0,6.0,10,10,60,10,25,5,26.0,42.906408791206545,16.906408791206545,35.2429773136134,0.03333333333333333,0.4666666666666667,0.5,13.966666666666667
133,26,10,5.0,6.0,10,10,60,15,20,5,26.0,46.74015528195908,20.740155281959083,35.72688341108403,0.13333333333333333,0.36666666666666664,0.5,14.7
134,26,10,5.0,6.0,10,10,60,20,15,5,26.0,58.71357310531798,32.71357310531798,41.446014540808235,0.23333333333333334,0.1,0.6666666666666666,16.866666666666667
135,26,10,5.0,6.0,10,10,70,5,20,5,26.0,27.08055053731514,1.0805505373151405,28.050043031805824,0.0,0.7666666666666667,0.23333333333333334,10.0
136,26,10,5.0,6.0,10,10,70,10,15,5,26.0,32.39068886325279,6.390688863252791,30.214142337667187,0.0,0.6666666666666666,0.3333333333333333,11.566666666666666
137,26,10,5.0,6.0,10,10,70,15,10,5,26.0,44.05316178988724,18.05316178988724,35.26148483989559,0.0,0.4666666666666667,0.5333333333333333,13.4
138,26,10,5.0,6.0,10,10,70,20,5,5,26.0,56.32302859276455,30.32302859276455,40.0450725304661,0.3,0.2,0.5,15.966666666666667
139,26,10,5.0,6.0,10,10,80,5,10,5,26.0,24.236276138407536,-1.7637238615924637,26.657635408370492,0.0,0.8333333333333334,0.16666666666666666,9.066666666666666
140,26,10,5.0,6.0,10,10,80,10,5,5,26.0,35.80869218961828,9.808692189618277,31.66244277953276,0.0,0.6333333333333333,0.36666666666666664,10.933333333333334
141,26,15,7.5,9.0,15,15,50,5,40,5,26.0,51.09485619405198,25.094856194051978,38.270722400586706,0.1,0.3,0.6,15.9
142,26,15,7.5,9.0,15,15,50,10,35,5,26.0,67.65644773923374,41.65644773923374,45.531885154929086,0.4666666666666667,0.06666666666666667,0.4666666666666667,17.166666666666668
143,26,15,7.5,9.0,15,15,50,15,30,5,26.0,70.25420067856862,44.25420067856862,46.249122568186394,0.5666666666666667,0.03333333333333333,0.4,16.633333333333333
144,26,15,7.5,9.0,15,15,50,20,25,5,26.0,75.57607946748382,49.57607946748382,48.759231510086146,0.7333333333333333,0.03333333333333333,0.23333333333333334,16.3
145,26,15,7.5,9.0,15,15,60,5,30,5,26.0,47.114587934999356,21.114587934999356,37.04480792292436,0.06666666666666667,0.3,0.6333333333333333,16.2
146,26,15,7.5,9.0,15,15,60,10,25,5,26.0,59.99534696096435,33.99534696096435,42.280218535986464,0.3333333333333333,0.16666666666666666,0.5,16.7
147,26,15,7.5,9.0,15,15,60,15,20,5,26.0,65.60038744507999,39.60038744507999,44.48051451868576,0.5333333333333333,0.13333333333333333,0.3333333333333333,16.4
148,26,15,7.5,9.0,15,15,60,20,15,5,26.0,70.68735890380255,44.68735890380255,46.620195544685245,0.7,0.1,0.2,16.1
149,26,15,7.5,9.0,15,15,70,5,20,5,26.0,44.102457350243675,18.102457350243675,35.41731368281988,0.06666666666666667,0.4666666666666667,0.4666666666666667,12.966666666666667
150,26,15,7.5,9.0,15,15,70,10,15,5,26.0,52.74910630517743,26.749106305177428,38.6958877492057,0.23333333333333334,0.3333333333333333,0.43333333333333335,14.4
151,26,15,7.5,9.0,15,15,70,15,10,5,26.0,58.46914352997374,32.46914352997374,41.54826336803732,0.5333333333333333,0.23333333333333334,0.23333333333333334,15.466666666666667
152,26,15,7.5,9.0,15,15,70,20,5,5,26.0,68.54778530749233,42.54778530749233,45.36791785025512,0.6666666666666666,0.1,0.23333333333333334,15.433333333333334
153,26,15,7.5,9.0,15,15,80,5,10,5,26.0,41.53316577705002,15.533165777050023,34.27139832334962,0.1,0.5666666666666667,0.3333333333333333,12.5
154,26,15,7.5,9.0,15,15,80,10,5,5,26.0,50.7899545217734,24.789954521773403,38.57256461915917,0.26666666666666666,0.43333333333333335,0.3,13.1
155,26,20,10.0,12.0,20,20,50,5,40,5,26.0,72.91735136918268,46.91735136918268,47.26580909516376,0.6333333333333333,0.06666666666666667,0.3,16.6
156,26,20,10.0,12.0,20,20,50,10,35,5,26.0,78.31434799919323,52.31434799919323,50.392582652671116,0.9,0.0,0.1,15.566666666666666
157,26,20,10.0,12.0,20,20,50,15,30,5,26.0,81.90358868108791,55.90358868108791,51.384376251108925,0.9333333333333333,0.0,0.06666666666666667,14.7
158,26,20,10.0,12.0,20,20,50,20,25,5,26.0,77.37128963023262,51.371289630232624,49.66343171981392,0.8666666666666667,0.0,0.13333333333333333,14.7
159,26,20,10.0,12.0,20,20,60,5,30,5,26.0,67.54685371810457,41.54685371810457,45.753077429988096,0.5333333333333333,0.1,0.36666666666666664,16.8
160,26,20,10.0,12.0,20,20,60,10,25,5,26.0,71.31510451743625,45.315104517436254,47.74276842435638,0.7666666666666667,0.03333333333333333,0.2,16.0
161,26,20,10.0,12.0,20,20,60,15,20,5,26.0,78.37764075209785,52.37764075209785,49.98582753829019,0.8,0.0,0.2,15.566666666666666
162,26,20,10.0,12.0,20,20,60,20,15,5,26.0,79.55768365044256,53.557683650442556,50.25951267299923,0.9,0.0,0.1,14.7
163,26,20,10.0,12.0,20,20,70,5,20,5,26.0,62.393113501247974,36.393113501247974,43.54702035530696,0.5333333333333333,0.16666666666666666,0.3,15.866666666666667
164,26,20,10.0,12.0,20,20,70,10,15,5,26.0,69.09413599494056,43.09413599494056,46.16086409795446,0.6666666666666666,0.06666666666666667,0.26666666666666666,15.9
165,26,20,10.0,12.0,20,20,70,15,10,5,26.0,73.45171493619718,47.45171493619718,47.850135688516396,0.8333333333333334,0.0,0.16666666666666666,15.433333333333334
166,26,20,10.0,12.0,20,20,70,20,5,5,26.0,77.40216632322682,51.40216632322682,49.41424409411236,0.8666666666666667,0.03333333333333333,0.1,14.266666666666667
167,26,20,10.0,12.0,20,20,80,5,10,5,26.0,64.70869466250933,38.70869466250933,44.076563783005476,0.43333333333333335,0.2,0.36666666666666664,15.733333333333333
168,26,20,10.0,12.0,20,20,80,10,5,5,26.0,68.91540306790014,42.915403067900144,46.14928033876192,0.7,0.16666666666666666,0.13333333333333333,14.8
169,26,25,12.5,15.0,25,25,50,5,40,5,26.0,81.60272127793628,55.60272127793628,51.62677987967527,0.9,0.0,0.1,15.133333333333333
170,26,25,12.5,15.0,25,25,50,10,35,5,26.0,82.31299888848353,56.312998888483534,52.26731211327794,1.0,0.0,0.0,13.5
171,26,25,12.5,15.0,25,25,50,15,30,5,26.0,82.61664518063941,56.61664518063941,52.172384416997154,1.0,0.0,0.0,12.833333333333334
172,26,25,12.5,15.0,25,25,50,20,25,5,26.0,82.84098715278986,56.840987152789864,52.16108076662071,1.0,0.0,0.0,12.366666666666667
173,26,25,12.5,15.0,25,25,60,5,30,5,26.0,78.099479373512,52.099479373512,50.43945164471325,0.9,0.03333333333333333,0.06666666666666667,15.2
174,26,25,12.5,15.0,25,25,60,10,25,5,26.0,80.92372480691616,54.923724806916155,51.35625590959294,0.9666666666666667,0.0,0.03333333333333333,13.9
175,26,25,12.5,15.0,25,25,60,15,20,5,26.0,80.9650639522784,54.9650639522784,50.989063547367664,0.9333333333333333,0.0,0.06666666666666667,13.7
176,26,25,12.5,15.0,25,25,60,20,15,5,26.0,82.8427481853566,56.8427481853566,51.701206527812246,1.0,0.0,0.0,12.466666666666667
177,26,25,12.5,15.0,25,25,70,5,20,5,26.0,71.616160795844,45.616160795843996,47.82576562076554,0.8,0.1,0.1,15.733333333333333
178,26,25,12.5,15.0,25,25,70,10,15,5,26.0,76.73729678066933,50.737296780669325,50.259827054716446,0.9,0.03333333333333333,0.06666666666666667,14.933333333333334
179,26,25,12.5,15.0,25,25,70,15,10,5,26.0,81.71419407876813,55.71419407876813,51.61021241103233,0.9666666666666667,0.0,0.03333333333333333,13.366666666666667
180,26,25,12.5,15.0,25,25,70,20,5,5,26.0,82.0580828213953,56.0580828213953,51.58362748697362,0.9666666666666667,0.0,0.03333333333333333,12.3
181,26,25,12.5,15.0,25,25,80,5,10,5,26.0,71.50632405254218,45.50632405254218,47.56825312061239,0.8333333333333334,0.13333333333333333,0.03333333333333333,15.033333333333333
182,26,25,12.5,15.0,25,25,80,10,5,5,26.0,78.92430706408125,52.92430706408125,50.55036278890091,0.9333333333333333,0.03333333333333333,0.03333333333333333,14.133333333333333
183,26,30,15.0,18.0,30,30,50,5,40,5,26.0,82.49692934668921,56.496929346689214,51.79148443836296,1.0,0.0,0.0,13.066666666666666
184,26,30,15.0,18.0,30,30,50,10,35,5,26.0,82.90394826465648,56.90394826465648,52.501219781204064,1.0,0.0,0.0,11.933333333333334
185,26,30,15.0,18.0,30,30,50,15,30,5,26.0,83.02049184468976,57.02049184468976,52.3213759384737,1.0,0.0,0.0,11.3
186,26,30,15.0,18.0,30,30,50,20,25,5,26.0,83.40203279027331,57.40203279027331,52.566072643364656,1.0,0.0,0.0,10.9
187,26,30,15.0,18.0,30,30,60,5,30,5,26.0,82.50442438155797,56.50442438155797,52.29369354967124,1.0,0.0,0.0,13.366666666666667
188,26,30,15.0,18.0,30,30,60,10,25,5,26.0,83.01997493375829,57.01997493375829,52.396546121664855,1.0,0.0,0.0,12.3
189,26,30,15.0,18.0,30,30,60,15,20,5,26.0,83.49058507199388,57.49058507199388,52.655381194563056,1.0,0.0,0.0,11.766666666666667
190,26,30,15.0,18.0,30,30,60,20,15,5,26.0,83.21486647731341,57.21486647731341,52.4043219986908,1.0,0.0,0.0,10.966666666666667
191,26,30,15.0,18.0,30,30,70,5,20,5,26.0,78.99804070089118,52.99804070089118,50.907509848522615,0.9333333333333333,0.0,0.06666666666666667,13.9
192,26,30,15.0,18.0,30,30,70,10,15,5,26.0,78.47558325702633,52.47558325702633,51.2660683193098,0.9,0.0,0.1,13.066666666666666
193,26,30,15.0,18.0,30,30,70,15,10,5,26.0,81.26476085412266,55.264760854122656,51.84761098336983,0.9666666666666667,0.0,0.03333333333333333,11.9
194,26,30,15.0,18.0,30,30,70,20,5,5,26.0,83.5895667085787,57.5895667085787,52.71955090248063,1.0,0.0,0.0,11.2
195,26,30,15.0,18.0,30,30,80,5,10,5,26.0,78.95270069977512,52.95270069977512,50.63375386338131,0.9333333333333333,0.03333333333333333,0.03333333333333333,13.733333333333333
196,26,30,15.0,18.0,30,30,80,10,5,5,26.0,79.55896474839597,53.558964748395965,51.417715838508876,0.9333333333333333,0.0,0.06666666666666667,12.633333333333333
197,30,0,0.0,0.0,5,5,50,5,40,5,30.0,20.132783591985987,-9.867216408014013,26.83871695041705,0.0,0.9333333333333333,0.06666666666666667,9.033333333333333
198,30,0,0.0,0.0,5,5,50,10,35,5,30.0,24.05860227878719,-5.941397721212809,28.571533975819076,0.0,0.8,0.2,11.133333333333333
199,30,0,0.0,0.0,5,5,50,15,30,5,30.0,26.316627098993024,-3.683372901006976,29.571555023827024,0.0,0.8,0.2,11.833333333333334
200,30,0,0.0,0.0,5,5,50,20,25,5,30.0,29.94673980052844,-0.05326019947155913,31.46931649676253,0.0,0.6333333333333333,0.36666666666666664,13.833333333333334
201,30,0,0.0,0.0,5,5,60,5,30,5,30.0,20.34521824112513,-9.654781758874869,26.542149723828985,0.0,0.9333333333333333,0.06666666666666667,8.366666666666667
202,30,0,0.0,0.0,5,5,60,10,25,5,30.0,19.75608667675533,-10.24391332324467,26.97624947907029,0.0,0.9333333333333333,0.06666666666666667,9.766666666666667
203,30,0,0.0,0.0,5,5,60,15,20,5,30.0,24.790403568679878,-5.209596431320122,29.1520511380871,0.0,0.8333333333333334,0.16666666666666666,10.733333333333333
204,30,0,0.0,0.0,5,5,60,20,15,5,30.0,26.808369034674328,-3.191630965325672,30.14778126600288,0.0,0.6666666666666666,0.3333333333333333,12.733333333333333
205,30,0,0.0,0.0,5,5,70,5,20,5,30.0,19.821415090809516,-10.178584909190484,25.989144563621846,0.0,0.9666666666666667,0.03333333333333333,7.233333333333333
206,30,0,0.0,0.0,5,5,70,10,15,5,30.0,19.120105704704656,-10.879894295295344,26.219939516956963,0.0,0.9666666666666667,0.03333333333333333,7.933333333333334
207,30,0,0.0,0.0,5,5,70,15,10,5,30.0,24.88843578640938,-5.1115642135906185,29.21890343241226,0.0,0.8,0.2,10.1
208,30,0,0.0,0.0,5,5,70,20,5,5,30.0,29.800307290458267,-0.19969270954173268,30.96857464733738,0.0,0.7,0.3,10.933333333333334
209,30,0,0.0,0.0,5,5,80,5,10,5,30.0,19.92799469873046,-10.072005301269542,25.751630655369436,0.0,0.9666666666666667,0.03333333333333333,6.266666666666667
210,30,0,0.0,0.0,5,5,80,10,5,5,30.0,21.3902596104779,-8.609740389522099,27.12372001125868,0.0,0.9,0.1,8.366666666666667
211,30,5,2.5,3.0,5,5,50,5,40,5,30.0,23.435711293521273,-6.564288706478727,28.885026616906224,0.0,0.8,0.2,11.766666666666667
212,30,5,2.5,3.0,5,5,50,10,35,5,30.0,29.165742782014338,-0.8342572179856624,31.266841450277962,0.0,0.7333333333333333,0.26666666666666666,14.8
213,30,5,2.5,3.0,5,5,50,15,30,5,30.0,31.53786223566599,1.5378622356659903,32.600168582340935,0.0,0.5666666666666667,0.43333333333333335,14.5
214,30,5,2.5,3.0,5,5,50,20,25,5,30.0,46.74234718333667,16.74234718333667,38.0290869304815,0.1,0.3,0.6,16.133333333333333
215,30,5,2.5,3.0,5,5,60,5,30,5,30.0,21.768977408587354,-8.231022591412646,27.920216156725772,0.0,0.9,0.1,10.7
216,30,5,2.5,3.0,5,5,60,10,25,5,30.0,32.88435521115783,2.884355211157832,32.899809671641655,0.0,0.6666666666666666,0.3333333333333333,13.633333333333333
217,30,5,2.5,3.0,5,5,60,15,20,5,30.0,32.89227546091271,2.892275460912707,32.9244153472603,0.03333333333333333,0.6333333333333333,0.3333333333333333,13.366666666666667
218,30,5,2.5,3.0,5,5,60,20,15,5,30.0,39.0609024865664,9.060902486566398,35.57597248896594,0.03333333333333333,0.4,0.5666666666666667,15.366666666666667
219,30,5,2.5,3.0,5,5,70,5,20,5,30.0,21.49423469733009,-8.50576530266991,27.284461027651155,0.0,0.9,0.1,9.333333333333334
220,30,5,2.5,3.0,5,5,70,10,15,5,30.0,23.829757673816346,-6.170242326183654,28.70572724244752,0.0,0.8666666666666667,0.13333333333333333,10.933333333333334
221,30,5,2.5,3.0,5,5,70,15,10,5,30.0,31.45089980720711,1.4508998072071115,31.996957766187858,0.0,0.7,0.3,11.166666666666666
222,30,5,2.5,3.0,5,5,70,20,5,5,30.0,38.41762783315258,8.41762783315258,34.926127082105545,0.03333333333333333,0.6,0.36666666666666664,12.366666666666667
223,30,5,2.5,3.0,5,5,80,5,10,5,30.0,20.68376371440776,-9.31623628559224,26.69414825890637,0.0,0.9,0.1,8.266666666666667
224,30,5,2.5,3.0,5,5,80,10,5,5,30.0,31.076608898968935,1.076608898968935,31.48411192162713,0.0,0.7333333333333333,0.26666666666666666,10.4
225,30,10,5.0,6.0,10,10,50,5,40,5,30.0,33.3577448013468,3.357744801346797,33.76136762874154,0.03333333333333333,0.6,0.36666666666666664,15.066666666666666
226,30,10,5.0,6.0,10,10,50,10,35,5,30.0,45.83277688053293,15.832776880532933,38.75792567831503,0.13333333333333333,0.36666666666666664,0.5,15.8
227,30,10,5.0,6.0,10,10,50,15,30,5,30.0,52.49691020241341,22.49691020241341,40.817810832225696,0.16666666666666666,0.2,0.6333333333333333,16.7
228,30,10,5.0,6.0,10,10,50,20,25,5,30.0,60.456665581292995,30.456665581292995,44.34673591826536,0.3,0.06666666666666667,0.6333333333333333,17.5
229,30,10,5.0,6.0,10,10,60,5,30,5,30.0,35.536922048263456,5.536922048263456,33.87996976977333,0.0,0.6,0.4,14.1
230,30,10,5.0,6.0,10,10,60,10,25,5,30.0,40.62063520341659,10.62063520341659,36.7495695412059,0.13333333333333333,0.4666666666666667,0.4,15.533333333333333
231,30,10,5.0,6.0,10,10,60,15,20,5,30.0,48.05973033934392,18.059730339343922,39.43962145339306,0.16666666666666666,0.3333333333333333,0.5,16.133333333333333
232,30,10,5.0,6.0,10,10,60,20,15,5,30.0,64.09568784275113,34.09568784275113,45.75798454339377,0.43333333333333335,0.1,0.4666666666666667,16.8
233,30,10,5.0,6.0,10,10,70,5,20,5,30.0,33.224800242422134,3.224800242422134,32.82427393015118,0.0,0.6666666666666666,0.3333333333333333,12.7
234,30,10,5.0,6.0,10,10,70,10,15,5,30.0,40.25860926913024,10.25860926913024,35.26449781963207,0.1,0.5666666666666667,0.3333333333333333,13.933333333333334
235,30,10,5.0,6.0,10,10,70,15,10,5,30.0,41.10840789914881,11.108407899148808,36.73156572596962,0.16666666666666666,0.5,0.3333333333333333,14.233333333333333
236,30,10,5.0,6.0,10,10,70,20,5,5,30.0,54.6773165859263,24.6773165859263,41.3426237255215,0.4,0.26666666666666666,0.3333333333333333,14.933333333333334
237,30,10,5.0,6.0,10,10,80,5,10,5,30.0,28.297601079729976,-1.7023989202700243,30.568211214172834,0.0,0.8,0.2,10.666666666666666
238,30,10,5.0,6.0,10,10,80,10,5,5,30.0,35.40721341068406,5.407213410684058,33.460776270915694,0.06666666666666667,0.7,0.23333333333333334,11.8
239,30,15,7.5,9.0,15,15,50,5,40,5,30.0,53.0123005529888,23.012300552988798,41.49219262360652,0.26666666666666666,0.23333333333333334,0.5,17.033333333333335
240,30,15,7.5,9.0,15,15,50,10,35,5,30.0,69.55138311454827,39.55138311454827,48.752876092095114,0.6,0.06666666666666667,0.3333333333333333,16.8
241,30,15,7.5,9.0,15,15,50,15,30,5,30.0,69.1516235232894,39.1516235232894,48.5180776225407,0.7333333333333333,0.06666666666666667,0.2,16.2
242,30,15,7.5,9.0,15,15,50,20,25,5,30.0,78.2375248359799,48.2375248359799,51.4343968118173,0.8666666666666667,0.0,0.13333333333333333,15.733333333333333
243,30,15,7.5,9.0,15,15,60,5,30,5,30.0,52.03021925480831,22.03021925480831,40.78026228333603,0.16666666666666666,0.23333333333333334,0.6,16.433333333333334
244,30,15,7.5,9.0,15,15,60,10,25,5,30.0,62.011791120858575,32.011791120858575,45.67549895692369,0.5,0.1,0.4,16.7
245,30,15,7.5,9.0,15,15,60,15,20,5,30.0,66.2268563914139,36.226856391413904,46.606487320210725,0.5666666666666667,0.13333333333333333,0.3,15.9
246,30,15,7.5,9.0,15,15,60,20,15,5,30.0,73.77978520857037,43.779785208570374,49.88815740381743,0.7333333333333333,0.03333333333333333,0.23333333333333334,15.3
247,30,15,7.5,9.0,15,15,70,5,20,5,30.0,45.972593748452944,15.972593748452944,38.197357731834124,0.2,0.43333333333333335,0.36666666666666664,14.633333333333333
248,30,15,7.5,9.0,15,15,70,10,15,5,30.0,53.99515388453278,23.995153884532783,41.82124709037315,0.3,0.3,0.4,15.3
249,30,15,7.5,9.0,15,15,70,15,10,5,30.0,58.85027433061868,28.85027433061868,44.07208520955695,0.5666666666666667,0.23333333333333334,0.2,15.3
250,30,15,7.5,9.0,15,15,70,20,5,5,30.0,66.20314370374794,36.20314370374794,46.8491782939883,0.7,0.13333333333333333,0.16666666666666666,15.033333333333333
251,30,15,7.5,9.0,15,15,80,5,10,5,30.0,42.71948302724029,12.719483027240287,36.94427680049618,0.16666666666666666,0.5333333333333333,0.3,14.0
252,30,15,7.5,9.0,15,15,80,10,5,5,30.0,50.56676559910694,20.566765599106937,40.34768820592682,0.43333333333333335,0.43333333333333335,0.13333333333333333,13.933333333333334
253,30,20,10.0,12.0,20,20,50,5,40,5,30.0,67.89032654842842,37.89032654842842,47.65607059409671,0.6666666666666666,0.03333333333333333,0.3,16.4
254,30,20,10.0,12.0,20,20,50,10,35,5,30.0,75.21896965356731,45.218969653567314,51.021945733759374,0.8333333333333334,0.0,0.16666666666666666,14.866666666666667
255,30,20,10.0,12.0,20,20,50,15,30,5,30.0,80.6032049800092,50.603204980009195,53.102596371699036,0.9,0.0,0.1,13.966666666666667
256,30,20,10.0,12.0,20,20,50,20,25,5,30.0,80.66163695172592,50.661636951725924,53.25414519497999,0.9333333333333333,0.0,0.06666666666666667,13.566666666666666
257,30,20,10.0,12.0,20,20,60,5,30,5,30.0,68.38500032461761,38.38500032461761,48.1922830402917,0.6333333333333333,0.06666666666666667,0.3,16.7
258,30,20,10.0,12.0,20,20,60,10,25,5,30.0,70.51597834939773,40.51597834939773,49.06883169530546,0.7333333333333333,0.03333333333333333,0.23333333333333334,15.433333333333334
259,30,20,10.0,12.0,20,20,60,15,20,5,30.0,75.18626107009815,45.186261070098155,50.144437381173354,0.8333333333333334,0.03333333333333333,0.13333333333333333,14.533333333333333
260,30,20,10.0,12.0,20,20,60,20,15,5,30.0,80.9386785379798,50.9386785379798,52.604199354821034,0.9,0.0,0.1,13.7
261,30,20,10.0,12.0,20,20,70,5,20,5,30.0,55.496223470305466,25.496223470305466,42.58938174316615,0.5,0.3,0.2,15.633333333333333
262,30,20,10.0,12.0,20,20,70,10,15,5,30.0,64.94118057927025,34.94118057927025,47.14905747903624,0.6,0.13333333333333333,0.26666666666666666,15.666666666666666
263,30,20,10.0,12.0,20,20,70,15,10,5,30.0,73.50883428092902,43.50883428092902,49.76800724141865,0.8,0.03333333333333333,0.16666666666666666,14.466666666666667
264,30,20,10.0,12.0,20,20,70,20,5,5,30.0,79.76401145705677,49.76401145705677,52.555454960921274,0.9333333333333333,0.0,0.06666666666666667,13.3
265,30,20,10.0,12.0,20,20,80,5,10,5,30.0,54.2949005246785,24.294900524678503,42.05746388552142,0.43333333333333335,0.3333333333333333,0.23333333333333334,15.033333333333333
266,30,20,10.0,12.0,20,20,80,10,5,5,30.0,62.22390900348266,32.22390900348266,45.35765253991612,0.6333333333333333,0.23333333333333334,0.13333333333333333,15.033333333333333
267,30,25,12.5,15.0,25,25,50,5,40,5,30.0,80.59749822143695,50.59749822143695,53.387854117516866,0.9666666666666667,0.0,0.03333333333333333,13.833333333333334
268,30,25,12.5,15.0,25,25,50,10,35,5,30.0,80.97227072450052,50.97227072450052,53.807443826965915,0.9666666666666667,0.0,0.03333333333333333,12.833333333333334
269,30,25,12.5,15.0,25,25,50,15,30,5,30.0,82.72053533674598,52.72053533674598,54.08447368709817,1.0,0.0,0.0,12.033333333333333
270,30,25,12.5,15.0,25,25,50,20,25,5,30.0,82.6941788741192,52.6941788741192,54.30023855816198,1.0,0.0,0.0,11.466666666666667
271,30,25,12.5,15.0,25,25,60,5,30,5,30.0,79.49923916472993,49.49923916472993,53.13451462942791,0.9333333333333333,0.03333333333333333,0.03333333333333333,14.133333333333333
272,30,25,12.5,15.0,25,25,60,10,25,5,30.0,82.2096708629495,52.209670862949494,54.03255434640245,1.0,0.0,0.0,13.166666666666666
273,30,25,12.5,15.0,25,25,60,15,20,5,30.0,82.53633529443171,52.53633529443171,54.18321227821202,1.0,0.0,0.0,12.633333333333333
274,30,25,12.5,15.0,25,25,60,20,15,5,30.0,82.40787595833224,52.40787595833224,54.085130371626775,1.0,0.0,0.0,11.566666666666666
275,30,25,12.5,15.0,25,25,70,5,20,5,30.0,74.25816487866707,44.258164878667074,50.61234813077933,0.8333333333333334,0.03333333333333333,0.13333333333333333,14.966666666666667
276,30,25,12.5,15.0,25,25,70,10,15,5,30.0,76.82207107258485,46.82207107258485,52.28800576417238,0.9,0.0,0.1,13.966666666666667
277,30,25,12.5,15.0,25,25,70,15,10,5,30.0,80.7688149824843,50.7688149824843,53.45659044924665,0.9333333333333333,0.0,0.06666666666666667,12.966666666666667
278,30,25,12.5,15.0,25,25,70,20,5,5,30.0,82.44910735167554,52.449107351675536,54.04198256471546,0.9666666666666667,0.0,0.03333333333333333,11.833333333333334
279,30,25,12.5,15.0,25,25,80,5,10,5,30.0,68.74179532780815,38.74179532780815,48.51768696212087,0.7666666666666667,0.1,0.13333333333333333,15.066666666666666
280,30,25,12.5,15.0,25,25,80,10,5,5,30.0,76.4531692177115,46.453169217711505,51.88958910317469,0.9,0.03333333333333333,0.06666666666666667,13.7
281,30,30,15.0,18.0,30,30,50,5,40,5,30.0,82.81523607681031,52.81523607681031,54.190492724270456,1.0,0.0,0.0,12.0
282,30,30,15.0,18.0,30,30,50,10,35,5,30.0,83.02304558353381,53.023045583533815,54.48810134695927,1.0,0.0,0.0,10.933333333333334
283,30,30,15.0,18.0,30,30,50,15,30,5,30.0,82.45325285615095,52.453252856150954,54.57520062693413,1.0,0.0,0.0,10.666666666666666
284,30,30,15.0,18.0,30,30,50,20,25,5,30.0,82.76005337628615,52.76005337628615,54.64611144891998,1.0,0.0,0.0,10.166666666666666
285,30,30,15.0,18.0,30,30,60,5,30,5,30.0,82.54366243126262,52.54366243126262,54.40848387818003,1.0,0.0,0.0,12.4
286,30,30,15.0,18.0,30,30,60,10,25,5,30.0,83.02938672946324,53.02938672946324,54.66707214077836,1.0,0.0,0.0,11.266666666666667
287,30,30,15.0,18.0,30,30,60,15,20,5,30.0,82.82126373574515,52.82126373574515,54.47514349667358,1.0,0.0,0.0,10.766666666666667
288,30,30,15.0,18.0,30,30,60,20,15,5,30.0,83.55554760333453,53.55554760333453,55.002220735295374,1.0,0.0,0.0,10.4
289,30,30,15.0,18.0,30,30,70,5,20,5,30.0,79.83259114005257,49.83259114005257,53.23725395072732,0.9333333333333333,0.0,0.06666666666666667,13.066666666666666
290,30,30,15.0,18.0,30,30,70,10,15,5,30.0,79.54966804752686,49.549668047526865,53.0455336475433,0.9333333333333333,0.0,0.06666666666666667,11.966666666666667
291,30,30,15.0,18.0,30,30,70,15,10,5,30.0,80.9799422659962,50.9799422659962,53.87837197399197,0.9666666666666667,0.0,0.03333333333333333,10.933333333333334
292,30,30,15.0,18.0,30,30,70,20,5,5,30.0,83.48383718208416,53.48383718208416,54.998638270132204,1.0,0.0,0.0,10.466666666666667
293,30,30,15.0,18.0,30,30,80,5,10,5,30.0,78.94021859316203,48.94021859316203,52.9809886507829,0.9333333333333333,0.0,0.06666666666666667,13.2
294,30,30,15.0,18.0,30,30,80,10,5,5,30.0,79.90179904836359,49.901799048363586,53.267989718344,0.9333333333333333,0.0,0.06666666666666667,11.8
295,34,0,0.0,0.0,5,5,50,5,40,5,34.0,18.846000072722198,-15.153999927277802,28.675437162494074,0.0,0.9333333333333333,0.06666666666666667,10.9
296,34,0,0.0,0.0,5,5,50,10,35,5,34.0,22.86600300320283,-11.133996996797169,30.551383170085693,0.0,0.8333333333333334,0.16666666666666666,13.033333333333333
297,34,0,0.0,0.0,5,5,50,15,30,5,34.0,26.297515049849093,-7.702484950150907,32.41403044304948,0.0,0.6666666666666666,0.3333333333333333,14.7
298,34,0,0.0,0.0,5,5,50,20,25,5,34.0,27.284051477213154,-6.715948522786846,33.16085701891009,0.0,0.6666666666666666,0.3333333333333333,15.233333333333333
299,34,0,0.0,0.0,5,5,60,5,30,5,34.0,20.852448489584756,-13.147551510415244,29.179247277091797,0.0,0.9,0.1,10.566666666666666
300,34,0,0.0,0.0,5,5,60,10,25,5,34.0,23.959638301248393,-10.040361698751607,31.057981815683025,0.0,0.8333333333333334,0.16666666666666666,12.466666666666667
301,34,0,0.0,0.0,5,5,60,15,20,5,34.0,22.053594838863095,-11.946405161136905,30.35202514951088,0.0,0.9,0.1,12.3
302,34,0,0.0,0.0,5,5,60,20,15,5,34.0,27.531287820756916,-6.468712179243084,32.102352147270786,0.0,0.6666666666666666,0.3333333333333333,13.4
303,34,0,0.0,0.0,5,5,70,5,20,5,34.0,18.280550374160445,-15.719449625839555,27.919731996283158,0.0,1.0,0.0,8.7
304,34,0,0.0,0.0,5,5,70,10,15,5,34.0,18.294192853038854,-15.705807146961146,28.24954514111519,0.0,1.0,0.0,9.433333333333334
305,34,0,0.0,0.0,5,5,70,15,10,5,34.0,23.49786551652581,-10.50213448347419,30.40496369171405,0.0,0.8666666666666667,0.13333333333333333,10.033333333333333
306,34,0,0.0,0.0,5,5,70,20,5,5,34.0,24.692545391182584,-9.307454608817416,30.90014395912613,0.0,0.8,0.2,10.633333333333333
307,34,0,0.0,0.0,5,5,80,5,10,5,34.0,18.154789767569344,-15.845210232430656,27.451731921955037,0.0,1.0,0.0,7.633333333333334
308,34,0,0.0,0.0,5,5,80,10,5,5,34.0,21.376152614744356,-12.623847385255644,29.509233086784104,0.0,0.9,0.1,8.766666666666667
309,34,5,2.5,3.0,5,5,50,5,40,5,34.0,21.784377249569886,-12.215622750430114,30.46043446009039,0.0,0.9,0.1,12.6
310,34,5,2.5,3.0,5,5,50,10,35,5,34.0,29.85002019449802,-4.149979805501982,33.91668061967918,0.0,0.5333333333333333,0.4666666666666667,15.433333333333334
311,34,5,2.5,3.0,5,5,50,15,30,5,34.0,32.58058130810267,-1.4194186918973273,35.40053138050396,0.0,0.5,0.5,15.7
312,34,5,2.5,3.0,5,5,50,20,25,5,34.0,45.10661581242421,11.10661581242421,39.66179054864195,0.1,0.26666666666666666,0.6333333333333333,16.733333333333334
313,34,5,2.5,3.0,5,5,60,5,30,5,34.0,25.315718982369212,-8.684281017630788,31.30414913027206,0.0,0.8333333333333334,0.16666666666666666,12.1
314,34,5,2.5,3.0,5,5,60,10,25,5,34.0,31.527708115039594,-2.4722918849604056,34.70320932957543,0.0,0.6666666666666666,0.3333333333333333,13.866666666666667
315,34,5,2.5,3.0,5,5,60,15,20,5,34.0,30.04592930815055,-3.9540706918494486,33.546580391919996,0.03333333333333333,0.6,0.36666666666666664,14.966666666666667
316,34,5,2.5,3.0,5,5,60,20,15,5,34.0,38.332361045353046,4.332361045353046,37.154583914629384,0.03333333333333333,0.36666666666666664,0.6,15.8
317,34,5,2.5,3.0,5,5,70,5,20,5,34.0,23.352876090408106,-10.647123909591894,30.345175636863125,0.0,0.8666666666666667,0.13333333333333333,10.766666666666667
318,34,5,2.5,3.0,5,5,70,10,15,5,34.0,28.1537952503548,-5.846204749645199,32.48902240123341,0.0,0.8,0.2,11.833333333333334
319,34,5,2.5,3.0,5,5,70,15,10,5,34.0,27.56015882178131,-6.439841178218689,32.25428013774641,0.0,0.7666666666666667,0.23333333333333334,12.366666666666667
320,34,5,2.5,3.0,5,5,70,20,5,5,34.0,36.3545948594428,2.3545948594427983,36.40528622984338,0.0,0.5666666666666667,0.43333333333333335,13.466666666666667
321,34,5,2.5,3.0,5,5,80,5,10,5,34.0,20.95163972837064,-13.04836027162936,28.875243153076987,0.0,0.9333333333333333,0.06666666666666667,9.2
322,34,5,2.5,3.0,5,5,80,10,5,5,34.0,26.270480712082467,-7.729519287917533,31.582060169506224,0.03333333333333333,0.8,0.16666666666666666,10.766666666666667
323,34,10,5.0,6.0,10,10,50,5,40,5,34.0,38.48152493168129,4.481524931681292,37.45327223375973,0.06666666666666667,0.4666666666666667,0.4666666666666667,16.2
324,34,10,5.0,6.0,10,10,50,10,35,5,34.0,47.50691860596711,13.506918605967108,41.92383344214302,0.2,0.3,0.5,16.333333333333332
325,34,10,5.0,6.0,10,10,50,15,30,5,34.0,56.698289757842275,22.698289757842275,45.04652515841287,0.36666666666666664,0.2,0.43333333333333335,16.833333333333332
326,34,10,5.0,6.0,10,10,50,20,25,5,34.0,63.25387916759242,29.253879167592423,47.727865035270256,0.5333333333333333,0.06666666666666667,0.4,16.5
327,34,10,5.0,6.0,10,10,60,5,30,5,34.0,31.754622585856,-2.2453774141439986,34.192471904517745,0.03333333333333333,0.6666666666666666,0.3,14.866666666666667
328,34,10,5.0,6.0,10,10,60,10,25,5,34.0,38.761136311846144,4.761136311846144,37.823322510446026,0.2,0.43333333333333335,0.36666666666666664,15.866666666666667
329,34,10,5.0,6.0,10,10,60,15,20,5,34.0,51.95580106780622,17.95580106780622,43.391414125257135,0.3,0.2,0.5,16.5
330,34,10,5.0,6.0,10,10,60,20,15,5,34.0,61.12252811607235,27.122528116072353,46.55837335190674,0.5,0.13333333333333333,0.36666666666666664,16.6
331,34,10,5.0,6.0,10,10,70,5,20,5,34.0,34.07472843218542,0.0747284321854167,34.68359775354127,0.03333333333333333,0.7,0.26666666666666666,13.8
332,34,10,5.0,6.0,10,10,70,10,15,5,34.0,32.878580913484655,-1.1214190865153455,35.2715489923436,0.06666666666666667,0.6333333333333333,0.3,14.2
333,34,10,5.0,6.0,10,10,70,15,10,5,34.0,42.04459021483023,8.04459021483023,39.08383420318132,0.2,0.43333333333333335,0.36666666666666664,14.366666666666667
334,34,10,5.0,6.0,10,10,70,20,5,5,34.0,48.43894316126837,14.43894316126837,41.06277626062279,0.36666666666666664,0.4,0.23333333333333334,14.866666666666667
335,34,10,5.0,6.0,10,10,80,5,10,5,34.0,23.40750153002132,-10.592498469978679,30.60241786728346,0.0,0.8333333333333334,0.16666666666666666,11.6
336,34,10,5.0,6.0,10,10,80,10,5,5,34.0,38.314478316764976,4.314478316764976,37.10195258303774,0.13333333333333333,0.6333333333333333,0.23333333333333334,12.966666666666667
337,34,15,7.5,9.0,15,15,50,5,40,5,34.0,53.70612202061955,19.706122020619553,44.300487669563466,0.36666666666666664,0.1,0.5333333333333333,17.333333333333332
338,34,15,7.5,9.0,15,15,50,10,35,5,34.0,68.15595682767929,34.15595682767929,50.84216386826817,0.7,0.06666666666666667,0.23333333333333334,16.166666666666668
339,34,15,7.5,9.0,15,15,50,15,30,5,34.0,72.44382451067239,38.443824510672385,51.947058371701125,0.7666666666666667,0.06666666666666667,0.16666666666666666,15.166666666666666
340,34,15,7.5,9.0,15,15,50,20,25,5,34.0,80.21361892697449,46.21361892697449,54.84845759456489,0.9333333333333333,0.0,0.06666666666666667,14.6
341,34,15,7.5,9.0,15,15,60,5,30,5,34.0,56.96980569249156,22.969805692491562,45.437126229316355,0.3,0.2,0.5,16.6
342,34,15,7.5,9.0,15,15,60,10,25,5,34.0,61.22037591306071,27.220375913060707,47.51859555781462,0.5333333333333333,0.06666666666666667,0.4,16.266666666666666
343,34,15,7.5,9.0,15,15,60,15,20,5,34.0,67.03517508651589,33.03517508651589,48.98731827449933,0.6333333333333333,0.06666666666666667,0.3,15.366666666666667
344,34,15,7.5,9.0,15,15,60,20,15,5,34.0,76.96201688811996,42.96201688811996,53.34997855933567,0.8666666666666667,0.0,0.13333333333333333,14.566666666666666
345,34,15,7.5,9.0,15,15,70,5,20,5,34.0,49.50926568140751,15.509265681407513,41.703315236149095,0.23333333333333334,0.36666666666666664,0.4,15.633333333333333
346,34,15,7.5,9.0,15,15,70,10,15,5,34.0,58.438656127796804,24.438656127796804,46.41077716587467,0.43333333333333335,0.13333333333333333,0.43333333333333335,16.333333333333332
347,34,15,7.5,9.0,15,15,70,15,10,5,34.0,60.63737833761074,26.63737833761074,46.230782914457656,0.6,0.1,0.3,15.933333333333334
348,34,15,7.5,9.0,15,15,70,20,5,5,34.0,71.65056925103205,37.65056925103205,51.01012290211774,0.8,0.06666666666666667,0.13333333333333333,14.533333333333333
349,34,15,7.5,9.0,15,15,80,5,10,5,34.0,40.36499589874022,6.364995898740219,38.38352239866611,0.16666666666666666,0.4666666666666667,0.36666666666666664,14.966666666666667
350,34,15,7.5,9.0,15,15,80,10,5,5,34.0,48.35436531788998,14.354365317889979,41.460956289756986,0.36666666666666664,0.43333333333333335,0.2,14.5
351,34,20,10.0,12.0,20,20,50,5,40,5,34.0,69.43845384809596,35.43845384809596,50.82894959329018,0.7333333333333333,0.0,0.26666666666666666,15.6
352,34,20,10.0,12.0,20,20,50,10,35,5,34.0,77.59908648705033,43.59908648705033,54.415318032286955,0.9,0.0,0.1,13.8
353,34,20,10.0,12.0,20,20,50,15,30,5,34.0,82.27489071746771,48.27489071746771,56.040512701572474,0.9666666666666667,0.0,0.03333333333333333,12.933333333333334
354,34,20,10.0,12.0,20,20,50,20,25,5,34.0,82.54170949080913,48.541709490809126,55.96338966966706,1.0,0.0,0.0,12.166666666666666
355,34,20,10.0,12.0,20,20,60,5,30,5,34.0,71.47465543526211,37.47465543526211,51.887432820045696,0.7,0.06666666666666667,0.23333333333333334,15.533333333333333
356,34,20,10.0,12.0,20,20,60,10,25,5,34.0,70.34053235058968,36.34053235058968,51.139843566166505,0.7333333333333333,0.0,0.26666666666666666,14.633333333333333
357,34,20,10.0,12.0,20,20,60,15,20,5,34.0,80.84763926816646,46.84763926816646,54.74786772125136,0.9666666666666667,0.0,0.03333333333333333,13.6
358,34,20,10.0,12.0,20,20,60,20,15,5,34.0,82.26111762009653,48.26111762009653,55.41024571324945,1.0,0.0,0.0,12.266666666666667
359,34,20,10.0,12.0,20,20,70,5,20,5,34.0,56.80353829279384,22.80353829279384,45.618348155178765,0.5333333333333333,0.13333333333333333,0.3333333333333333,16.1
360,34,20,10.0,12.0,20,20,70,10,15,5,34.0,70.12376592096464,36.123765920964644,51.2420462495172,0.7333333333333333,0.06666666666666667,0.2,15.133333333333333
361,34,20,10.0,12.0,20,20,70,15,10,5,34.0,72.96290025522005,38.96290025522005,51.99158097404538,0.8,0.06666666666666667,0.13333333333333333,13.2
362,34,20,10.0,12.0,20,20,70,20,5,5,34.0,77.27000900602721,43.27000900602721,53.382302856776555,0.8666666666666667,0.0,0.13333333333333333,12.9
363,34,20,10.0,12.0,20,20,80,5,10,5,34.0,61.51437201685931,27.514372016859312,47.100161996483486,0.5666666666666667,0.2,0.23333333333333334,15.6
364,34,20,10.0,12.0,20,20,80,10,5,5,34.0,62.46399159605371,28.46399159605371,47.98047868474307,0.6333333333333333,0.2,0.16666666666666666,15.066666666666666
365,34,25,12.5,15.0,25,25,50,5,40,5,34.0,82.21182877757833,48.21182877757833,55.98928529818087,1.0,0.0,0.0,12.7
366,34,25,12.5,15.0,25,25,50,10,35,5,34.0,82.60646781438203,48.60646781438203,56.43469766827812,1.0,0.0,0.0,11.533333333333333
367,34,25,12.5,15.0,25,25,50,15,30,5,34.0,82.97767512783271,48.97767512783271,56.63459399955903,1.0,0.0,0.0,11.066666666666666
368,34,25,12.5,15.0,25,25,50,20,25,5,34.0,83.31902235398586,49.31902235398586,56.96275539782377,1.0,0.0,0.0,10.833333333333334
369,34,25,12.5,15.0,25,25,60,5,30,5,34.0,79.65027349088852,45.65027349088852,55.451808750516925,0.8666666666666667,0.03333333333333333,0.1,13.266666666666667
370,34,25,12.5,15.0,25,25,60,10,25,5,34.0,80.99076163933539,46.99076163933539,55.62897966211117,0.9666666666666667,0.0,0.03333333333333333,11.933333333333334
371,34,25,12.5,15.0,25,25,60,15,20,5,34.0,82.98037834533736,48.98037834533736,56.44390446440041,1.0,0.0,0.0,11.3
372,34,25,12.5,15.0,25,25,60,20,15,5,34.0,83.21347536339468,49.21347536339468,56.42627513173468,1.0,0.0,0.0,10.833333333333334
373,34,25,12.5,15.0,25,25,70,5,20,5,34.0,73.160037908255,39.160037908255006,52.79447809376986,0.8333333333333334,0.0,0.16666666666666666,14.0
374,34,25,12.5,15.0,25,25,70,10,15,5,34.0,80.6276851447673,46.6276851447673,55.8302548748025,0.9666666666666667,0.0,0.03333333333333333,12.233333333333333
375,34,25,12.5,15.0,25,25,70,15,10,5,34.0,80.53612834864752,46.53612834864752,56.14472562180469,0.9333333333333333,0.0,0.06666666666666667,11.933333333333334
376,34,25,12.5,15.0,25,25,70,20,5,5,34.0,82.27246084236596,48.27246084236596,56.477407405811455,0.9666666666666667,0.0,0.03333333333333333,11.133333333333333
377,34,25,12.5,15.0,25,25,80,5,10,5,34.0,73.46256338151916,39.46256338151916,52.69814413245092,0.8333333333333334,0.0,0.16666666666666666,14.133333333333333
378,34,25,12.5,15.0,25,25,80,10,5,5,34.0,80.62800554525784,46.628005545257835,55.482523439970095,0.9666666666666667,0.0,0.03333333333333333,12.366666666666667
379,34,30,15.0,18.0,30,30,50,5,40,5,34.0,82.71084840271935,48.71084840271935,56.35144031207287,1.0,0.0,0.0,10.9
380,34,30,15.0,18.0,30,30,50,10,35,5,34.0,82.7184552353584,48.718455235358405,56.843250899416404,1.0,0.0,0.0,10.166666666666666
381,34,30,15.0,18.0,30,30,50,15,30,5,34.0,82.98258040992681,48.98258040992681,56.92941481350881,1.0,0.0,0.0,9.833333333333334
382,34,30,15.0,18.0,30,30,50,20,25,5,34.0,83.09029051055997,49.09029051055997,56.876204594271925,1.0,0.0,0.0,9.233333333333333
383,34,30,15.0,18.0,30,30,60,5,30,5,34.0,82.59648633646461,48.59648633646461,56.533161494169924,1.0,0.0,0.0,11.3
384,34,30,15.0,18.0,30,30,60,10,25,5,34.0,82.64247650642928,48.642476506429276,56.35282811892583,1.0,0.0,0.0,10.466666666666667
385,34,30,15.0,18.0,30,30,60,15,20,5,34.0,83.14956911337035,49.14956911337035,57.010587782869564,1.0,0.0,0.0,10.0
386,34,30,15.0,18.0,30,30,60,20,15,5,34.0,82.65045786881821,48.65045786881821,56.66253980629783,1.0,0.0,0.0,9.366666666666667
387,34,30,15.0,18.0,30,30,70,5,20,5,34.0,79.31842709429985,45.31842709429985,55.33528073247976,0.9333333333333333,0.0,0.06666666666666667,11.766666666666667
388,34,30,15.0,18.0,30,30,70,10,15,5,34.0,79.54572047103697,45.54572047103697,55.40423709810994,0.9333333333333333,0.0,0.06666666666666667,10.866666666666667
389,34,30,15.0,18.0,30,30,70,15,10,5,34.0,81.25538740273292,47.25538740273292,56.259590884048954,0.9666666666666667,0.0,0.03333333333333333,10.166666666666666
390,34,30,15.0,18.0,30,30,70,20,5,5,34.0,83.00100010579155,49.00100010579155,56.95336373037694,1.0,0.0,0.0,9.466666666666667
391,34,30,15.0,18.0,30,30,80,5,10,5,34.0,79.54132355028695,45.54132355028695,55.46128281662549,0.9333333333333333,0.0,0.06666666666666667,12.233333333333333
392,34,30,15.0,18.0,30,30,80,10,5,5,34.0,82.72781405610276,48.72781405610276,56.913229586368054,1.0,0.0,0.0,10.533333333333333
393,38,0,0.0,0.0,5,5,50,5,40,5,38.0,19.248230575140383,-18.751769424859617,30.75428647016522,0.0,0.9333333333333333,0.06666666666666667,12.033333333333333
394,38,0,0.0,0.0,5,5,50,10,35,5,38.0,21.932737088347267,-16.067262911652733,32.59745927212819,0.0,0.7,0.3,14.5
395,38,0,0.0,0.0,5,5,50,15,30,5,38.0,28.564456391478355,-9.435543608521645,35.777565728808085,0.0,0.6333333333333333,0.36666666666666664,15.433333333333334
396,38,0,0.0,0.0,5,5,50,20,25,5,38.0,35.06813787036976,-2.9318621296302396,37.922691174525724,0.0,0.5,0.5,15.866666666666667
397,38,0,0.0,0.0,5,5,60,5,30,5,38.0,22.22799700566888,-15.772002994331121,31.521784461554056,0.0,0.9,0.1,11.133333333333333
398,38,0,0.0,0.0,5,5,60,10,25,5,38.0,24.91938546740553,-13.08061453259447,33.55854505404919,0.0,0.7666666666666667,0.23333333333333334,13.633333333333333
399,38,0,0.0,0.0,5,5,60,15,20,5,38.0,24.6182552605277,-13.3817447394723,33.447203157172886,0.0,0.8333333333333334,0.16666666666666666,14.1
400,38,0,0.0,0.0,5,5,60,20,15,5,38.0,27.823601780426547,-10.176398219573453,34.667639021644035,0.0,0.6333333333333333,0.36666666666666664,14.7
401,38,0,0.0,0.0,5,5,70,5,20,5,38.0,18.36420004999254,-19.63579995000746,30.11884024605109,0.0,1.0,0.0,9.8
402,38,0,0.0,0.0,5,5,70,10,15,5,38.0,21.60427486773795,-16.39572513226205,31.362892886755432,0.0,0.9333333333333333,0.06666666666666667,10.5
403,38,0,0.0,0.0,5,5,70,15,10,5,38.0,21.112851764602176,-16.887148235397824,31.295534619083433,0.0,0.9333333333333333,0.06666666666666667,11.766666666666667
404,38,0,0.0,0.0,5,5,70,20,5,5,38.0,22.670290989007164,-15.329709010992836,32.335793741235506,0.0,0.8666666666666667,0.13333333333333333,11.966666666666667
405,38,0,0.0,0.0,5,5,80,5,10,5,38.0,18.0693578941759,-19.9306421058241,29.25418887028974,0.0,1.0,0.0,9.233333333333333
406,38,0,0.0,0.0,5,5,80,10,5,5,38.0,23.918409543072162,-14.081590456927838,32.58550185820739,0.0,0.8666666666666667,0.13333333333333333,10.533333333333333
407,38,5,2.5,3.0,5,5,50,5,40,5,38.0,21.546579996886916,-16.453420003113084,32.307877346626476,0.0,0.8666666666666667,0.13333333333333333,14.6
408,38,5,2.5,3.0,5,5,50,10,35,5,38.0,35.06322870003246,-2.936771299967539,38.08370148914752,0.06666666666666667,0.5,0.43333333333333335,16.0
409,38,5,2.5,3.0,5,5,50,15,30,5,38.0,38.830836968026325,0.8308369680263255,40.154919700976244,0.03333333333333333,0.43333333333333335,0.5333333333333333,16.9
410,38,5,2.5,3.0,5,5,50,20,25,5,38.0,47.67296988193951,9.672969881939508,43.16585388507533,0.26666666666666666,0.2,0.5333333333333333,16.766666666666666
411,38,5,2.5,3.0,5,5,60,5,30,5,38.0,23.19400159753728,-14.80599840246272,32.433248667129824,0.0,0.9,0.1,12.833333333333334
412,38,5,2.5,3.0,5,5,60,10,25,5,38.0,34.79991148044426,-3.2000885195557416,37.67583271579052,0.03333333333333333,0.5666666666666667,0.4,15.1
413,38,5,2.5,3.0,5,5,60,15,20,5,38.0,34.607672151754755,-3.3923278482452446,37.899349137865116,0.0,0.4,0.6,15.9
414,38,5,2.5,3.0,5,5,60,20,15,5,38.0,38.052229489263254,0.052229489263254436,39.44789247782743,0.16666666666666666,0.36666666666666664,0.4666666666666667,16.333333333333332
415,38,5,2.5,3.0,5,5,70,5,20,5,38.0,22.984591949537904,-15.015408050462096,31.52535016202932,0.0,0.9,0.1,11.833333333333334
416,38,5,2.5,3.0,5,5,70,10,15,5,38.0,22.128271083151677,-15.871728916848323,32.19018898816581,0.0,0.8666666666666667,0.13333333333333333,12.9
417,38,5,2.5,3.0,5,5,70,15,10,5,38.0,31.262689305037622,-6.737310694962378,36.18690456611944,0.03333333333333333,0.7333333333333333,0.23333333333333334,13.4
418,38,5,2.5,3.0,5,5,70,20,5,5,38.0,35.525560998793935,-2.474439001206065,37.49418036110524,0.16666666666666666,0.6333333333333333,0.2,14.333333333333334
419,38,5,2.5,3.0,5,5,80,5,10,5,38.0,21.402945586742327,-16.597054413257673,30.950650034489154,0.0,0.9333333333333333,0.06666666666666667,10.766666666666667
420,38,5,2.5,3.0,5,5,80,10,5,5,38.0,30.273162229101857,-7.726837770898143,35.76653649399353,0.03333333333333333,0.7666666666666667,0.2,12.333333333333334
421,38,10,5.0,6.0,10,10,50,5,40,5,38.0,40.21546412223433,2.21546412223433,40.68621838867975,0.1,0.3333333333333333,0.5666666666666667,16.766666666666666
422,38,10,5.0,6.0,10,10,50,10,35,5,38.0,50.46001272262312,12.46001272262312,45.26801135000076,0.3,0.23333333333333334,0.4666666666666667,16.633333333333333
423,38,10,5.0,6.0,10,10,50,15,30,5,38.0,53.655898951961404,15.655898951961404,46.50254225675026,0.3333333333333333,0.13333333333333333,0.5333333333333333,16.9
424,38,10,5.0,6.0,10,10,50,20,25,5,38.0,66.2902992370106,28.2902992370106,50.899665171065955,0.6333333333333333,0.03333333333333333,0.3333333333333333,15.9
425,38,10,5.0,6.0,10,10,60,5,30,5,38.0,34.53580215464589,-3.464197845354107,38.12317378332999,0.1,0.6666666666666666,0.23333333333333334,16.166666666666668
426,38,10,5.0,6.0,10,10,60,10,25,5,38.0,39.49105591044939,1.49105591044939,40.23258812890385,0.2,0.36666666666666664,0.43333333333333335,16.233333333333334
427,38,10,5.0,6.0,10,10,60,15,20,5,38.0,50.73106784885131,12.73106784885131,45.059537071218685,0.36666666666666664,0.16666666666666666,0.4666666666666667,16.566666666666666
428,38,10,5.0,6.0,10,10,60,20,15,5,38.0,65.95323139510312,27.953231395103117,50.3333774492993,0.6333333333333333,0.06666666666666667,0.3,16.133333333333333
429,38,10,5.0,6.0,10,10,70,5,20,5,38.0,35.76365315298117,-2.2363468470188295,37.823326618799186,0.1,0.6333333333333333,0.26666666666666666,14.933333333333334
430,38,10,5.0,6.0,10,10,70,10,15,5,38.0,35.31081585344323,-2.6891841465567694,38.46869931745943,0.13333333333333333,0.5333333333333333,0.3333333333333333,15.633333333333333
431,38,10,5.0,6.0,10,10,70,15,10,5,38.0,44.690093719413426,6.690093719413426,41.80313075811271,0.23333333333333334,0.4,0.36666666666666664,15.366666666666667
432,38,10,5.0,6.0,10,10,70,20,5,5,38.0,53.775410437200016,15.775410437200016,45.351305540983404,0.5,0.23333333333333334,0.26666666666666666,15.2
433,38,10,5.0,6.0,10,10,80,5,10,5,38.0,23.465160976468376,-14.534839023531624,33.053902216922715,0.03333333333333333,0.8,0.16666666666666666,13.3
434,38,10,5.0,6.0,10,10,80,10,5,5,38.0,37.25766922200741,-0.7423307779925921,38.84992049003803,0.2,0.6333333333333333,0.16666666666666666,13.733333333333333
435,38,15,7.5,9.0,15,15,50,5,40,5,38.0,59.46635107240497,21.46635107240497,48.723076966843514,0.5333333333333333,0.13333333333333333,0.3333333333333333,16.333333333333332
436,38,15,7.5,9.0,15,15,50,10,35,5,38.0,72.86722062701327,34.86722062701327,54.462637924979255,0.8,0.03333333333333333,0.16666666666666666,14.866666666666667
437,38,15,7.5,9.0,15,15,50,15,30,5,38.0,79.22104210847003,41.22104210847003,56.98827664520971,0.8666666666666667,0.0,0.13333333333333333,14.333333333333334
438,38,15,7.5,9.0,15,15,50,20,25,5,38.0,81.26419112997952,43.26419112997952,57.17207089981001,0.9333333333333333,0.0,0.06666666666666667,13.333333333333334
439,38,15,7.5,9.0,15,15,60,5,30,5,38.0,61.676071866855295,23.676071866855295,49.48694335304006,0.6,0.16666666666666666,0.23333333333333334,15.966666666666667
440,38,15,7.5,9.0,15,15,60,10,25,5,38.0,59.50051939128403,21.50051939128403,49.517704154871005,0.5333333333333333,0.06666666666666667,0.4,15.433333333333334
441,38,15,7.5,9.0,15,15,60,15,20,5,38.0,68.35292402852559,30.352924028525592,52.39890012122746,0.7333333333333333,0.0,0.26666666666666666,14.566666666666666
442,38,15,7.5,9.0,15,15,60,20,15,5,38.0,77.8410337298843,39.8410337298843,55.97647474343672,0.8666666666666667,0.0,0.13333333333333333,13.633333333333333
443,38,15,7.5,9.0,15,15,70,5,20,5,38.0,48.839807356564165,10.839807356564165,44.097776537716264,0.3333333333333333,0.36666666666666664,0.3,15.866666666666667
444,38,15,7.5,9.0,15,15,70,10,15,5,38.0,60.046245162215655,22.046245162215655,48.948785820073546,0.5666666666666667,0.16666666666666666,0.26666666666666666,15.766666666666667
445,38,15,7.5,9.0,15,15,70,15,10,5,38.0,65.0971165369933,27.097116536993298,50.729636519822826,0.7,0.1,0.2,14.266666666666667
446,38,15,7.5,9.0,15,15,70,20,5,5,38.0,69.5085705219231,31.508570521923104,52.23529817463937,0.7666666666666667,0.06666666666666667,0.16666666666666666,14.3
447,38,15,7.5,9.0,15,15,80,5,10,5,38.0,43.39194228511131,5.391942285111313,41.444788641687964,0.23333333333333334,0.4,0.36666666666666664,15.7
448,38,15,7.5,9.0,15,15,80,10,5,5,38.0,52.48494148698969,14.48494148698969,45.016199187300835,0.43333333333333335,0.4,0.16666666666666666,15.133333333333333
449,38,20,10.0,12.0,20,20,50,5,40,5,38.0,73.60607005144749,35.60607005144749,54.49627656486875,0.8333333333333334,0.0,0.16666666666666666,14.133333333333333
450,38,20,10.0,12.0,20,20,50,10,35,5,38.0,78.55167850296169,40.55167850296169,57.15319151090639,0.9333333333333333,0.0,0.06666666666666667,12.5
451,38,20,10.0,12.0,20,20,50,15,30,5,38.0,83.11031495856113,45.11031495856113,58.550397627604404,1.0,0.0,0.0,11.633333333333333
452,38,20,10.0,12.0,20,20,50,20,25,5,38.0,82.56662562588238,44.56662562588238,58.41305527803451,1.0,0.0,0.0,11.233333333333333
453,38,20,10.0,12.0,20,20,60,5,30,5,38.0,69.04363061858001,31.04363061858001,52.97448328257872,0.7,0.06666666666666667,0.23333333333333334,14.733333333333333
454,38,20,10.0,12.0,20,20,60,10,25,5,38.0,72.76434210204317,34.76434210204317,54.39966144269297,0.8,0.0,0.2,13.5
455,38,20,10.0,12.0,20,20,60,15,20,5,38.0,79.5760733746735,41.5760733746735,56.563695654717975,0.9333333333333333,0.0,0.06666666666666667,12.533333333333333
456,38,20,10.0,12.0,20,20,60,20,15,5,38.0,82.64598600822141,44.64598600822141,57.908524968358925,1.0,0.0,0.0,11.8
457,38,20,10.0,12.0,20,20,70,5,20,5,38.0,57.11776212305505,19.11776212305505,47.64900085538694,0.5666666666666667,0.1,0.3333333333333333,15.633333333333333
458,38,20,10.0,12.0,20,20,70,10,15,5,38.0,66.66778111982346,28.66778111982346,51.68529365090571,0.7,0.06666666666666667,0.23333333333333334,14.033333333333333
459,38,20,10.0,12.0,20,20,70,15,10,5,38.0,77.37576463724842,39.37576463724842,55.922491799654445,0.9,0.0,0.1,12.466666666666667
460,38,20,10.0,12.0,20,20,70,20,5,5,38.0,77.87814980052188,39.87814980052188,56.47162580683703,0.9,0.0,0.1,12.233333333333333
461,38,20,10.0,12.0,20,20,80,5,10,5,38.0,52.76919168253891,14.76919168253891,45.69732659482769,0.5,0.2,0.3,15.6
462,38,20,10.0,12.0,20,20,80,10,5,5,38.0,65.05237898035236,27.05237898035236,51.539830405277925,0.7,0.13333333333333333,0.16666666666666666,14.166666666666666
463,38,25,12.5,15.0,25,25,50,5,40,5,38.0,82.34108202664693,44.34108202664693,58.310157015669944,1.0,0.0,0.0,11.5
464,38,25,12.5,15.0,25,25,50,10,35,5,38.0,82.88214474046744,44.88214474046744,58.79429825579555,1.0,0.0,0.0,10.966666666666667
465,38,25,12.5,15.0,25,25,50,15,30,5,38.0,82.3216971094026,44.321697109402606,58.60898007718072,1.0,0.0,0.0,10.0
466,38,25,12.5,15.0,25,25,50,20,25,5,38.0,82.5800650648514,44.5800650648514,58.673045332584614,1.0,0.0,0.0,9.6
467,38,25,12.5,15.0,25,25,60,5,30,5,38.0,77.52004003407,39.52004003407001,56.73028247340108,0.9,0.0,0.1,12.2
468,38,25,12.5,15.0,25,25,60,10,25,5,38.0,82.37997585440858,44.379975854408585,58.088421386319006,1.0,0.0,0.0,10.8
469,38,25,12.5,15.0,25,25,60,15,20,5,38.0,82.99547501369872,44.99547501369872,58.74079274757396,1.0,0.0,0.0,10.4
470,38,25,12.5,15.0,25,25,60,20,15,5,38.0,83.28280375543726,45.28280375543726,58.90077569421439,1.0,0.0,0.0,9.833333333333334
471,38,25,12.5,15.0,25,25,70,5,20,5,38.0,72.29632329238113,34.29632329238113,54.305387451455246,0.7666666666666667,0.0,0.23333333333333334,13.066666666666666
472,38,25,12.5,15.0,25,25,70,10,15,5,38.0,77.67145276620013,39.67145276620013,56.51138000048882,0.9,0.0,0.1,11.766666666666667
473,38,25,12.5,15.0,25,25,70,15,10,5,38.0,81.12164198634014,43.12164198634014,58.29531884134187,0.9666666666666667,0.0,0.03333333333333333,10.7
474,38,25,12.5,15.0,25,25,70,20,5,5,38.0,82.25956866608354,44.25956866608354,58.50184795484994,1.0,0.0,0.0,9.733333333333333
475,38,25,12.5,15.0,25,25,80,5,10,5,38.0,70.19662147419923,32.19662147419923,53.492963133456776,0.7666666666666667,0.0,0.23333333333333334,13.533333333333333
476,38,25,12.5,15.0,25,25,80,10,5,5,38.0,79.26005961499797,41.26005961499797,57.36456708403908,0.9333333333333333,0.0,0.06666666666666667,11.366666666666667
477,38,30,15.0,18.0,30,30,50,5,40,5,38.0,83.19017995335206,45.19017995335206,58.8672099887474,1.0,0.0,0.0,10.2
478,38,30,15.0,18.0,30,30,50,10,35,5,38.0,82.76903609283876,44.76903609283876,58.7582543905535,1.0,0.0,0.0,9.433333333333334
479,38,30,15.0,18.0,30,30,50,15,30,5,38.0,82.72560837920723,44.72560837920723,58.89716615559918,1.0,0.0,0.0,8.966666666666667
480,38,30,15.0,18.0,30,30,50,20,25,5,38.0,82.78902388065562,44.78902388065562,59.12000048259044,1.0,0.0,0.0,8.666666666666666
481,38,30,15.0,18.0,30,30,60,5,30,5,38.0,82.69482920056495,44.69482920056495,58.94113095626873,1.0,0.0,0.0,10.533333333333333
482,38,30,15.0,18.0,30,30,60,10,25,5,38.0,83.28716176553962,45.28716176553962,59.0980171981929,1.0,0.0,0.0,9.7
483,38,30,15.0,18.0,30,30,60,15,20,5,38.0,83.15003893350583,45.150038933505826,58.92151791232832,1.0,0.0,0.0,9.133333333333333
484,38,30,15.0,18.0,30,30,60,20,15,5,38.0,82.42972422696145,44.429724226961454,58.800523721134574,1.0,0.0,0.0,8.8
485,38,30,15.0,18.0,30,30,70,5,20,5,38.0,79.54622326714725,41.546223267147255,57.64467906044295,0.9333333333333333,0.0,0.06666666666666667,11.0
486,38,30,15.0,18.0,30,30,70,10,15,5,38.0,80.20192433933404,42.20192433933404,57.60247314756837,0.9333333333333333,0.0,0.06666666666666667,10.433333333333334
487,38,30,15.0,18.0,30,30,70,15,10,5,38.0,82.93715293240162,44.93715293240162,58.84307899660988,1.0,0.0,0.0,9.133333333333333
488,38,30,15.0,18.0,30,30,70,20,5,5,38.0,83.55370006983374,45.55370006983374,59.152091325469975,1.0,0.0,0.0,8.633333333333333
489,38,30,15.0,18.0,30,30,80,5,10,5,38.0,77.97176212486285,39.97176212486285,56.75518123155913,0.9,0.0,0.1,11.666666666666666
490,38,30,15.0,18.0,30,30,80,10,5,5,38.0,81.54946153495486,43.54946153495486,58.605438862668386,0.9666666666666667,0.0,0.03333333333333333,9.866666666666667
491,42,0,0.0,0.0,5,5,50,5,40,5,42.0,19.25683920185511,-22.74316079814489,33.1356519283212,0.0,0.9666666666666667,0.03333333333333333,13.366666666666667
492,42,0,0.0,0.0,5,5,50,10,35,5,42.0,24.724121094892734,-17.275878905107266,36.06663810214753,0.03333333333333333,0.8,0.16666666666666666,14.666666666666666
493,42,0,0.0,0.0,5,5,50,15,30,5,42.0,31.684370195219604,-10.315629804780396,38.99510083198676,0.0,0.4666666666666667,0.5333333333333333,16.266666666666666
494,42,0,0.0,0.0,5,5,50,20,25,5,42.0,32.77222422751021,-9.227775772489792,39.227717171960116,0.03333333333333333,0.4666666666666667,0.5,16.6
495,42,0,0.0,0.0,5,5,60,5,30,5,42.0,21.52174649391987,-20.47825350608013,33.31792691683281,0.0,0.9333333333333333,0.06666666666666667,12.333333333333334
496,42,0,0.0,0.0,5,5,60,10,25,5,42.0,27.281354698519625,-14.718645301480375,36.28407439824967,0.03333333333333333,0.7666666666666667,0.2,14.366666666666667
497,42,0,0.0,0.0,5,5,60,15,20,5,42.0,24.316418842690496,-17.683581157309504,35.40318125775822,0.0,0.7,0.3,15.166666666666666
498,42,0,0.0,0.0,5,5,60,20,15,5,42.0,29.033659773582787,-12.966340226417213,38.083541205888174,0.03333333333333333,0.5666666666666667,0.4,15.4
499,42,0,0.0,0.0,5,5,70,5,20,5,42.0,19.393965751254587,-22.606034248745413,32.1804171908749,0.0,0.9666666666666667,0.03333333333333333,11.5
500,42,0,0.0,0.0,5,5,70,10,15,5,42.0,20.09109563934907,-21.90890436065093,33.08353294954014,0.0,0.9666666666666667,0.03333333333333333,11.766666666666667
501,42,0,0.0,0.0,5,5,70,15,10,5,42.0,20.316030020822804,-21.683969979177196,33.51532482820081,0.0,0.9,0.1,12.8
502,42,0,0.0,0.0,5,5,70,20,5,5,42.0,23.463517340068407,-18.536482659931593,34.88106845067335,0.03333333333333333,0.8,0.16666666666666666,13.366666666666667
503,42,0,0.0,0.0,5,5,80,5,10,5,42.0,20.020336029188297,-21.979663970811703,32.03660045486537,0.0,0.9666666666666667,0.03333333333333333,10.333333333333334
504,42,0,0.0,0.0,5,5,80,10,5,5,42.0,25.615575525694428,-16.384424474305572,35.10952676484214,0.03333333333333333,0.8666666666666667,0.1,11.4
505,42,5,2.5,3.0,5,5,50,5,40,5,42.0,20.589523318079365,-21.410476681920635,34.32241940011842,0.0,0.8333333333333334,0.16666666666666666,15.0
506,42,5,2.5,3.0,5,5,50,10,35,5,42.0,32.81814902099672,-9.18185097900328,39.859374343883786,0.03333333333333333,0.4,0.5666666666666667,16.466666666666665
507,42,5,2.5,3.0,5,5,50,15,30,5,42.0,37.79222021989938,-4.207779780100623,42.00733252056536,0.13333333333333333,0.3333333333333333,0.5333333333333333,16.733333333333334
508,42,5,2.5,3.0,5,5,50,20,25,5,42.0,48.24138066555852,6.241380665558523,45.54618756114721,0.3,0.06666666666666667,0.6333333333333333,17.166666666666668
509,42,5,2.5,3.0,5,5,60,5,30,5,42.0,21.021413731715388,-20.978586268284612,33.85722230429873,0.0,0.8666666666666667,0.13333333333333333,14.566666666666666
510,42,5,2.5,3.0,5,5,60,10,25,5,42.0,32.72675935044902,-9.273240649550978,39.18639992519898,0.0,0.5666666666666667,0.43333333333333335,16.366666666666667
511,42,5,2.5,3.0,5,5,60,15,20,5,42.0,33.00812421723453,-8.991875782765469,39.46316490492015,0.1,0.43333333333333335,0.4666666666666667,16.766666666666666
512,42,5,2.5,3.0,5,5,60,20,15,5,42.0,41.81889173276871,-0.1811082672312878,42.67161818826927,0.23333333333333334,0.4,0.36666666666666664,16.433333333333334
513,42,5,2.5,3.0,5,5,70,5,20,5,42.0,21.088924802131725,-20.911075197868275,33.30924555481435,0.0,0.9,0.1,13.066666666666666
514,42,5,2.5,3.0,5,5,70,10,15,5,42.0,24.385731696744315,-17.614268303255685,35.59767070130892,0.03333333333333333,0.8666666666666667,0.1,14.0
515,42,5,2.5,3.0,5,5,70,15,10,5,42.0,28.73785644287011,-13.262143557129889,37.60421271468381,0.06666666666666667,0.7333333333333333,0.2,13.933333333333334
516,42,5,2.5,3.0,5,5,70,20,5,5,42.0,39.98169875905624,-2.0183012409437566,41.57835117650322,0.23333333333333334,0.6333333333333333,0.13333333333333333,14.366666666666667
517,42,5,2.5,3.0,5,5,80,5,10,5,42.0,18.442938652376583,-23.557061347623417,32.23046458413519,0.0,1.0,0.0,11.9
518,42,5,2.5,3.0,5,5,80,10,5,5,42.0,27.42542351044557,-14.574576489554431,36.757717491589645,0.06666666666666667,0.7666666666666667,0.16666666666666666,13.033333333333333
519,42,10,5.0,6.0,10,10,50,5,40,5,42.0,44.06194395818572,2.061943958185722,44.43720782014939,0.26666666666666666,0.26666666666666666,0.4666666666666667,16.733333333333334
520,42,10,5.0,6.0,10,10,50,10,35,5,42.0,45.54098842252535,3.540988422525352,45.51519010382779,0.26666666666666666,0.2,0.5333333333333333,16.766666666666666
521,42,10,5.0,6.0,10,10,50,15,30,5,42.0,57.06140349508322,15.06140349508322,50.07717381336569,0.36666666666666664,0.06666666666666667,0.5666666666666667,16.566666666666666
522,42,10,5.0,6.0,10,10,50,20,25,5,42.0,66.19106865542498,24.191068655424985,52.95001875462401,0.6,0.0,0.4,15.4
523,42,10,5.0,6.0,10,10,60,5,30,5,42.0,35.55111853874637,-6.448881461253627,40.392145889089875,0.13333333333333333,0.6,0.26666666666666666,15.8
524,42,10,5.0,6.0,10,10,60,10,25,5,42.0,44.86730434712304,2.8673043471230386,44.261163301953815,0.3,0.23333333333333334,0.4666666666666667,16.5
525,42,10,5.0,6.0,10,10,60,15,20,5,42.0,47.783651903239424,5.783651903239424,45.41352454921411,0.4,0.2,0.4,16.3
526,42,10,5.0,6.0,10,10,60,20,15,5,42.0,54.586073417777726,12.586073417777726,48.55765901642941,0.4666666666666667,0.03333333333333333,0.5,15.6
527,42,10,5.0,6.0,10,10,70,5,20,5,42.0,36.83078366777563,-5.169216332224373,40.536409881035325,0.1,0.5,0.4,15.566666666666666
528,42,10,5.0,6.0,10,10,70,10,15,5,42.0,36.96886575521676,-5.031134244783239,41.05451833472808,0.16666666666666666,0.43333333333333335,0.4,16.0
529,42,10,5.0,6.0,10,10,70,15,10,5,42.0,41.76095947645486,-0.2390405235451425,43.11273370963249,0.3,0.4,0.3,15.366666666666667
530,42,10,5.0,6.0,10,10,70,20,5,5,42.0,48.66038529551189,6.660385295511887,45.429446703996206,0.43333333333333335,0.3333333333333333,0.23333333333333334,14.9
531,42,10,5.0,6.0,10,10,80,5,10,5,42.0,24.785246905471308,-17.214753094528692,34.82009836244277,0.03333333333333333,0.7666666666666667,0.2,14.3
532,42,10,5.0,6.0,10,10,80,10,5,5,42.0,30.409357357335075,-11.590642642664925,37.98891477831289,0.1,0.6333333333333333,0.26666666666666666,14.466666666666667
533,42,15,7.5,9.0,15,15,50,5,40,5,42.0,57.698838957632525,15.698838957632525,50.58124423594682,0.5333333333333333,0.1,0.36666666666666664,15.933333333333334
534,42,15,7.5,9.0,15,15,50,10,35,5,42.0,78.79006881654112,36.79006881654112,58.47203962895656,0.9,0.0,0.1,13.433333333333334
535,42,15,7.5,9.0,15,15,50,15,30,5,42.0,80.3454148955555,38.34541489555551,59.59073465595093,0.9333333333333333,0.0,0.06666666666666667,12.633333333333333
536,42,15,7.5,9.0,15,15,50,20,25,5,42.0,80.67315931996316,38.67315931996316,59.5196123742945,0.9666666666666667,0.0,0.03333333333333333,11.9
537,42,15,7.5,9.0,15,15,60,5,30,5,42.0,60.667235308857194,18.667235308857194,51.757228716579924,0.6,0.13333333333333333,0.26666666666666666,15.866666666666667
538,42,15,7.5,9.0,15,15,60,10,25,5,42.0,67.4766131949895,25.476613194989497,54.20868191250031,0.6666666666666666,0.03333333333333333,0.3,14.666666666666666
539,42,15,7.5,9.0,15,15,60,15,20,5,42.0,68.39451608797806,26.39451608797806,54.609239318784425,0.7,0.03333333333333333,0.26666666666666666,13.633333333333333
540,42,15,7.5,9.0,15,15,60,20,15,5,42.0,73.58569005680576,31.58569005680576,56.114421529393844,0.8333333333333334,0.03333333333333333,0.13333333333333333,12.9
541,42,15,7.5,9.0,15,15,70,5,20,5,42.0,45.33046656835307,3.330466568353067,44.962688907445596,0.4,0.4,0.2,16.166666666666668
542,42,15,7.5,9.0,15,15,70,10,15,5,42.0,59.102859578132616,17.102859578132616,50.48647171742683,0.5666666666666667,0.16666666666666666,0.26666666666666666,14.9
543,42,15,7.5,9.0,15,15,70,15,10,5,42.0,65.53750484598152,23.537504845981516,53.11770813134725,0.6666666666666666,0.1,0.23333333333333334,13.866666666666667
544,42,15,7.5,9.0,15,15,70,20,5,5,42.0,62.46690517530623,20.46690517530623,51.94213926309828,0.6333333333333333,0.1,0.26666666666666666,13.766666666666667
545,42,15,7.5,9.0,15,15,80,5,10,5,42.0,34.67849439418079,-7.321505605819212,39.703674953909065,0.23333333333333334,0.5333333333333333,0.23333333333333334,15.866666666666667
546,42,15,7.5,9.0,15,15,80,10,5,5,42.0,51.77762846250356,9.777628462503557,46.88443358184186,0.5,0.3333333333333333,0.16666666666666666,14.7
547,42,20,10.0,12.0,20,20,50,5,40,5,42.0,78.87547501852701,36.87547501852701,58.744350738955596,0.9333333333333333,0.0,0.06666666666666667,12.866666666666667
548,42,20,10.0,12.0,20,20,50,10,35,5,42.0,80.30369292766001,38.30369292766001,59.6988983117214,0.9666666666666667,0.0,0.03333333333333333,11.566666666666666
549,42,20,10.0,12.0,20,20,50,15,30,5,42.0,82.61202495801132,40.61202495801132,60.54843376795212,1.0,0.0,0.0,10.566666666666666
550,42,20,10.0,12.0,20,20,50,20,25,5,42.0,81.8228631981702,39.8228631981702,60.0985731722429,0.9666666666666667,0.0,0.03333333333333333,10.166666666666666
551,42,20,10.0,12.0,20,20,60,5,30,5,42.0,69.56355902949086,27.56355902949086,55.29938542646587,0.7666666666666667,0.0,0.23333333333333334,13.866666666666667
552,42,20,10.0,12.0,20,20,60,10,25,5,42.0,76.741811211135,34.741811211135,57.90658799631747,0.8666666666666667,0.0,0.13333333333333333,12.733333333333333
553,42,20,10.0,12.0,20,20,60,15,20,5,42.0,80.63616393097756,38.63616393097756,59.18649913478483,0.9666666666666667,0.0,0.03333333333333333,11.466666666666667
554,42,20,10.0,12.0,20,20,60,20,15,5,42.0,82.0808418440536,40.080841844053595,59.91336170079472,0.9666666666666667,0.0,0.03333333333333333,10.633333333333333
555,42,20,10.0,12.0,20,20,70,5,20,5,42.0,58.156426459709635,16.156426459709635,50.370045117555854,0.5666666666666667,0.06666666666666667,0.36666666666666664,14.833333333333334
556,42,20,10.0,12.0,20,20,70,10,15,5,42.0,66.91831513947805,24.918315139478054,53.813418098013365,0.6666666666666666,0.0,0.3333333333333333,13.933333333333334
557,42,20,10.0,12.0,20,20,70,15,10,5,42.0,72.78178106733549,30.781781067335487,56.78084855004961,0.8,0.0,0.2,12.166666666666666
558,42,20,10.0,12.0,20,20,70,20,5,5,42.0,76.29588114997455,34.29588114997455,57.90403188362465,0.8333333333333334,0.0,0.16666666666666666,11.466666666666667
559,42,20,10.0,12.0,20,20,80,5,10,5,42.0,53.23796331405155,11.237963314051548,48.18405601740142,0.5,0.23333333333333334,0.26666666666666666,15.066666666666666
560,42,20,10.0,12.0,20,20,80,10,5,5,42.0,65.53727780548654,23.53727780548654,53.402092056484285,0.7,0.1,0.2,13.4
561,42,25,12.5,15.0,25,25,50,5,40,5,42.0,82.7913026627111,40.791302662711104,60.46979168723484,1.0,0.0,0.0,10.733333333333333
562,42,25,12.5,15.0,25,25,50,10,35,5,42.0,83.23782067571993,41.23782067571993,60.97598870893718,1.0,0.0,0.0,9.9
563,42,25,12.5,15.0,25,25,50,15,30,5,42.0,82.75928291848008,40.75928291848008,60.86126791283574,1.0,0.0,0.0,9.166666666666666
564,42,25,12.5,15.0,25,25,50,20,25,5,42.0,83.10210104356406,41.10210104356406,60.96626795008195,1.0,0.0,0.0,8.733333333333333
565,42,25,12.5,15.0,25,25,60,5,30,5,42.0,77.88137849194686,35.88137849194686,59.10436512309256,0.9,0.0,0.1,11.566666666666666
566,42,25,12.5,15.0,25,25,60,10,25,5,42.0,81.31723166295336,39.31723166295336,60.36827617387508,0.9666666666666667,0.0,0.03333333333333333,10.166666666666666
567,42,25,12.5,15.0,25,25,60,15,20,5,42.0,82.5656704163709,40.56567041637091,60.65808110234527,1.0,0.0,0.0,9.433333333333334
568,42,25,12.5,15.0,25,25,60,20,15,5,42.0,82.02822473735182,40.02822473735182,60.43560312666299,1.0,0.0,0.0,8.8
569,42,25,12.5,15.0,25,25,70,5,20,5,42.0,75.50963865191625,33.50963865191625,57.708098959604015,0.8666666666666667,0.0,0.13333333333333333,12.166666666666666
570,42,25,12.5,15.0,25,25,70,10,15,5,42.0,79.23417734856925,37.23417734856925,58.96180367424794,0.9333333333333333,0.0,0.06666666666666667,11.033333333333333
571,42,25,12.5,15.0,25,25,70,15,10,5,42.0,82.36920663164848,40.36920663164848,60.43264640998618,1.0,0.0,0.0,9.3
572,42,25,12.5,15.0,25,25,70,20,5,5,42.0,82.75241919056165,40.75241919056165,60.617091271127315,1.0,0.0,0.0,8.6
573,42,25,12.5,15.0,25,25,80,5,10,5,42.0,70.52412233135516,28.52412233135516,55.668825790563695,0.7666666666666667,0.0,0.23333333333333334,12.9
574,42,25,12.5,15.0,25,25,80,10,5,5,42.0,77.10286765232473,35.10286765232473,58.574036182404946,0.9,0.03333333333333333,0.06666666666666667,10.633333333333333
575,42,30,15.0,18.0,30,30,50,5,40,5,42.0,82.9455673326556,40.9455673326556,60.81313368895828,1.0,0.0,0.0,9.533333333333333
576,42,30,15.0,18.0,30,30,50,10,35,5,42.0,82.9947405802276,40.9947405802276,61.140670076214406,1.0,0.0,0.0,8.533333333333333
577,42,30,15.0,18.0,30,30,50,15,30,5,42.0,82.40478631190027,40.40478631190027,60.90647499082589,1.0,0.0,0.0,8.133333333333333
578,42,30,15.0,18.0,30,30,50,20,25,5,42.0,82.6201394323416,40.6201394323416,61.04889282233532,1.0,0.0,0.0,7.7
579,42,30,15.0,18.0,30,30,60,5,30,5,42.0,82.61105603763102,40.611056037631016,60.94474641888861,1.0,0.0,0.0,9.433333333333334
580,42,30,15.0,18.0,30,30,60,10,25,5,42.0,82.75823971867648,40.75823971867648,61.11605017787063,1.0,0.0,0.0,8.8
581,42,30,15.0,18.0,30,30,60,15,20,5,42.0,82.55292738524581,40.55292738524581,61.02482001485846,1.0,0.0,0.0,8.366666666666667
582,42,30,15.0,18.0,30,30,60,20,15,5,42.0,83.49268574218094,41.49268574218094,61.422057205328215,1.0,0.0,0.0,8.066666666666666
583,42,30,15.0,18.0,30,30,70,5,20,5,42.0,81.39112612417472,39.39112612417472,60.29437365475859,0.9666666666666667,0.0,0.03333333333333333,9.9
584,42,30,15.0,18.0,30,30,70,10,15,5,42.0,81.60493160008028,39.60493160008028,59.96387601235803,0.9666666666666667,0.0,0.03333333333333333,9.566666666666666
585,42,30,15.0,18.0,30,30,70,15,10,5,42.0,83.27068951946596,41.27068951946596,60.83533285043843,1.0,0.0,0.0,8.533333333333333
586,42,30,15.0,18.0,30,30,70,20,5,5,42.0,83.20400988771601,41.20400988771601,61.05914351243986,1.0,0.0,0.0,7.933333333333334
587,42,30,15.0,18.0,30,30,80,5,10,5,42.0,79.20570998619496,37.20570998619496,59.30566947180126,0.9333333333333333,0.0,0.06666666666666667,10.433333333333334
588,42,30,15.0,18.0,30,30,80,10,5,5,42.0,82.4154295312448,40.4154295312448,60.47110121284491,1.0,0.0,0.0,9.166666666666666
