calibration_target,case_id,initial_aggression,toxicity_level,profanity_level,identity_attack_level,like_influence,retweet_influence,defender_pct,instigator_pct,neutral_pct,other_pct,mean_initial,mean_final,mean_change,mean_average_level,got_worse_rate,calmed_down_rate,unresolved_rate,mean_steps
Low escalation,413,38,5,2.5,3.0,5,5,60,15,20,5,38.0,34.607672151754755,-3.3923278482452446,37.899349137865116,0.0,0.4,0.6,15.9
Low escalation,396,38,0,0.0,0.0,5,5,50,20,25,5,38.0,35.06813787036976,-2.9318621296302396,37.922691174525724,0.0,0.5,0.5,15.866666666666667
Low escalation,120,26,5,2.5,3.0,5,5,60,20,15,5,26.0,34.921509449926496,8.921509449926496,31.347576918796566,0.0,0.5,0.5,13.533333333333333
Low escalation,22,22,5,2.5,3.0,5,5,60,20,15,5,22.0,33.77150819570469,11.77150819570469,28.039162206987235,0.0,0.5333333333333333,0.4666666666666667,11.033333333333333
Low escalation,506,42,5,2.5,3.0,5,5,50,10,35,5,42.0,32.81814902099672,-9.18185097900328,39.859374343883786,0.03333333333333333,0.4,0.5666666666666667,16.466666666666665
Low escalation,408,38,5,2.5,3.0,5,5,50,10,35,5,38.0,35.06322870003246,-2.936771299967539,38.08370148914752,0.06666666666666667,0.5,0.43333333333333335,16.0
Low escalation,229,30,10,5.0,6.0,10,10,60,5,30,5,30.0,35.536922048263456,5.536922048263456,33.87996976977333,0.0,0.6,0.4,14.1
Low escalation,412,38,5,2.5,3.0,5,5,60,10,25,5,38.0,34.79991148044426,-3.2000885195557416,37.67583271579052,0.03333333333333333,0.5666666666666667,0.4,15.1
Medium escalation,526,42,10,5.0,6.0,10,10,60,20,15,5,42.0,54.586073417777726,12.586073417777726,48.55765901642941,0.4666666666666667,0.03333333333333333,0.5,15.6
Medium escalation,138,26,10,5.0,6.0,10,10,70,20,5,5,26.0,56.32302859276455,30.32302859276455,40.0450725304661,0.3,0.2,0.5,15.966666666666667
Medium escalation,423,38,10,5.0,6.0,10,10,50,15,30,5,38.0,53.655898951961404,15.655898951961404,46.50254225675026,0.3333333333333333,0.13333333333333333,0.5333333333333333,16.9
Medium escalation,248,30,15,7.5,9.0,15,15,70,10,15,5,30.0,53.99515388453278,23.995153884532783,41.82124709037315,0.3,0.3,0.4,15.3
Medium escalation,337,34,15,7.5,9.0,15,15,50,5,40,5,34.0,53.70612202061955,19.706122020619553,44.300487669563466,0.36666666666666664,0.1,0.5333333333333333,17.333333333333332
Medium escalation,239,30,15,7.5,9.0,15,15,50,5,40,5,30.0,53.0123005529888,23.012300552988798,41.49219262360652,0.26666666666666666,0.23333333333333334,0.5,17.033333333333335
Medium escalation,341,34,15,7.5,9.0,15,15,60,5,30,5,34.0,56.96980569249156,22.969805692491562,45.437126229316355,0.3,0.2,0.5,16.6
Medium escalation,236,30,10,5.0,6.0,10,10,70,20,5,5,30.0,54.6773165859263,24.6773165859263,41.3426237255215,0.4,0.26666666666666666,0.3333333333333333,14.933333333333334
Tipping-point mixed,443,38,15,7.5,9.0,15,15,70,5,20,5,38.0,48.839807356564165,10.839807356564165,44.097776537716264,0.3333333333333333,0.36666666666666664,0.3,15.866666666666667
Tipping-point mixed,248,30,15,7.5,9.0,15,15,70,10,15,5,30.0,53.99515388453278,23.995153884532783,41.82124709037315,0.3,0.3,0.4,15.3
Tipping-point mixed,236,30,10,5.0,6.0,10,10,70,20,5,5,30.0,54.6773165859263,24.6773165859263,41.3426237255215,0.4,0.26666666666666666,0.3333333333333333,14.933333333333334
Tipping-point mixed,529,42,10,5.0,6.0,10,10,70,15,10,5,42.0,41.76095947645486,-0.2390405235451425,43.11273370963249,0.3,0.4,0.3,15.366666666666667
Tipping-point mixed,150,26,15,7.5,9.0,15,15,70,10,15,5,26.0,52.74910630517743,26.749106305177428,38.6958877492057,0.23333333333333334,0.3333333333333333,0.43333333333333335,14.4
Tipping-point mixed,345,34,15,7.5,9.0,15,15,70,5,20,5,34.0,49.50926568140751,15.509265681407513,41.703315236149095,0.23333333333333334,0.36666666666666664,0.4,15.633333333333333
Tipping-point mixed,431,38,10,5.0,6.0,10,10,70,15,10,5,38.0,44.690093719413426,6.690093719413426,41.80313075811271,0.23333333333333334,0.4,0.36666666666666664,15.366666666666667
Tipping-point mixed,447,38,15,7.5,9.0,15,15,80,5,10,5,38.0,43.39194228511131,5.391942285111313,41.444788641687964,0.23333333333333334,0.4,0.36666666666666664,15.7
