experiment_group,scenario,step,mean_bullying_level,p25_level,p75_level
Scenario comparison,Balanced baseline,0,45.0,45.0,45.0
Scenario comparison,Balanced baseline,1,52.01989842905391,51.01303889474039,52.813903815419096
Scenario comparison,Balanced baseline,2,59.56520697586552,58.27955118281596,61.33033324127645
Scenario comparison,Balanced baseline,3,67.91227031559029,66.41130796041354,69.70209983973757
Scenario comparison,Balanced baseline,4,76.38973199220993,74.29092463086197,78.43286494581467
Scenario comparison,Balanced baseline,5,85.05528672504536,82.53169946767336,87.19377469075894
Scenario comparison,Balanced baseline,6,85.3041395176518,82.79012637164206,87.30077887294956
Scenario comparison,Instigator-heavy,0,45.0,45.0,45.0
Scenario comparison,Instigator-heavy,1,53.55283144850974,52.594129560900974,54.63990660200396
Scenario comparison,Instigator-heavy,2,62.72166971218261,61.18627263572077,64.25618567147498
Scenario comparison,Instigator-heavy,3,72.64721883415866,71.11320834790428,74.61984237479423
Scenario comparison,Instigator-heavy,4,83.1505578556609,81.26056975865927,85.47230631935197
Scenario comparison,Instigator-heavy,5,85.02060010336686,83.26433586102706,86.94994138164323
Scenario comparison,Defender-heavy,0,45.0,45.0,45.0
Scenario comparison,Defender-heavy,1,50.90323182746447,50.02947167312078,51.893316353679104
Scenario comparison,Defender-heavy,2,58.21569563991758,57.030334220963034,59.63283602918343
Scenario comparison,Defender-heavy,3,66.47009814711802,64.65682171224091,68.40570505766746
Scenario comparison,Defender-heavy,4,74.11689852297374,72.11078365563358,76.24862902494624
Scenario comparison,Defender-heavy,5,81.83107751215768,80.11029591256805,84.164152076888
Scenario comparison,Defender-heavy,6,84.02035824088914,81.57530546598565,86.02316963432814
Scenario comparison,Neutral-heavy,0,45.0,45.0,45.0
Scenario comparison,Neutral-heavy,1,52.01874300269914,51.18729228097706,52.95656134789593
Scenario comparison,Neutral-heavy,2,59.02377372425417,57.517550903927685,60.3312525651514
Scenario comparison,Neutral-heavy,3,66.72200970758963,64.35797846892157,68.64932306098056
Scenario comparison,Neutral-heavy,4,74.84067620102175,72.8554051009492,76.8425114750446
Scenario comparison,Neutral-heavy,5,83.34147638388647,80.85433499772532,85.86564021873022
Scenario comparison,Neutral-heavy,6,84.86507003831282,82.84841972105666,86.83302882308585
Scenario comparison,Low-harm context,0,25.0,25.0,25.0
Scenario comparison,Low-harm context,1,28.11235938647078,27.414089501286277,28.874959343479304
Scenario comparison,Low-harm context,2,31.425509023755943,30.47604691756561,32.449673246203105
Scenario comparison,Low-harm context,3,35.36094339304312,34.07417303314468,36.241060575630115
Scenario comparison,Low-harm context,4,39.02233774474034,37.34099619001386,40.71967697276264
Scenario comparison,Low-harm context,5,43.20760085665091,41.36181192808206,45.71447041986802
Scenario comparison,Low-harm context,6,47.38209364365516,45.07309116611995,50.23186407493773
Scenario comparison,Low-harm context,7,51.67913597437247,49.71466832648578,54.21212402749684
Scenario comparison,Low-harm context,8,56.32828334787816,53.214208063019484,58.7121926714329
Scenario comparison,Low-harm context,9,60.888638773025434,57.41154423221735,64.02442339339416
Scenario comparison,Low-harm context,10,65.49199992448649,61.27703082052612,68.58287947085506
Scenario comparison,Low-harm context,11,70.61850227018392,67.16769514987817,73.6807733308375
Scenario comparison,Low-harm context,12,75.8868404574664,73.22041383667732,78.98138834549343
Scenario comparison,Low-harm context,13,80.0333996063295,79.20144071769339,82.56031126554502
Scenario comparison,Low-harm context,14,81.39964070556108,80.44131201208798,82.9942620222184
Scenario comparison,Low-harm context,15,82.07915827659619,80.69107120315958,83.43730545192174
Scenario comparison,Low-harm context,16,82.43977164359521,80.85439681942137,83.86218685939414
Scenario comparison,High-harm context,0,65.0,65.0,65.0
Scenario comparison,High-harm context,1,77.8531155715753,76.58162371655456,79.33036715750674
Scenario comparison,High-harm context,2,89.60515011740266,88.30213035991162,92.19532969079609
Scenario comparison,High engagement,0,45.0,45.0,45.0
Scenario comparison,High engagement,1,53.1198984290539,52.113038894740384,53.9139038154191
Scenario comparison,High engagement,2,61.83390870859222,60.486884516149296,63.55890675804519
Scenario comparison,High engagement,3,71.36329629994454,69.93204231557394,73.30169981339122
Scenario comparison,High engagement,4,80.96670529152686,78.79136542863787,82.85259084859247
Scenario comparison,High engagement,5,84.74607088334302,82.12436679342389,86.94758440099692
Behaviour module comparison,Rules only,0,45.0,45.0,45.0
Behaviour module comparison,Rules only,1,52.01989842905391,51.01303889474039,52.813903815419096
Behaviour module comparison,Rules only,2,58.59111006598804,56.915709146611434,60.225097144721204
Behaviour module comparison,Rules only,3,65.81935327115478,63.97215183556705,67.73100508973288
Behaviour module comparison,Rules only,4,72.85188313379423,70.89682580642423,75.18418795892555
Behaviour module comparison,Rules only,5,79.92677457197854,79.08088951598833,82.14726851743514
Behaviour module comparison,Rules only,6,83.52769852489745,81.65243389302569,85.20526471415282
Behaviour module comparison,Rules only,7,83.70341085754436,81.86311298294882,85.56505938378666
Behaviour module comparison,Social influence only,0,45.0,45.0,45.0
Behaviour module comparison,Social influence only,1,52.01989842905391,51.01303889474039,52.813903815419096
Behaviour module comparison,Social influence only,2,58.738649330229904,57.25893890579556,60.5353265064774
Behaviour module comparison,Social influence only,3,65.96561787478828,63.97215183556705,68.24055534041784
Behaviour module comparison,Social influence only,4,73.01118289219563,70.52987145891362,75.6506822269129
Behaviour module comparison,Social influence only,5,80.12565277027667,78.89016801792485,81.9021580756939
Behaviour module comparison,Social influence only,6,82.83053416704816,81.04458522828324,84.76278241540527
Behaviour module comparison,Social influence only,7,83.0062464996951,81.12576571110672,84.82993020533642
Behaviour module comparison,Learning only,0,45.0,45.0,45.0
Behaviour module comparison,Learning only,1,52.01989842905391,51.01303889474039,52.813903815419096
Behaviour module comparison,Learning only,2,59.53195702252291,58.37532675816918,61.39242296804919
Behaviour module comparison,Learning only,3,67.7995734524736,66.38424448716863,68.92338840864066
Behaviour module comparison,Learning only,4,75.97761141880974,74.18571749189124,77.21968694149695
Behaviour module comparison,Learning only,5,84.06569911080597,81.92364918591898,86.51951628879603
Behaviour module comparison,Learning only,6,84.46505132354659,82.21371283939374,86.83850955850997
Behaviour module comparison,Social + learning,0,45.0,45.0,45.0
Behaviour module comparison,Social + learning,1,52.01989842905391,51.01303889474039,52.813903815419096
Behaviour module comparison,Social + learning,2,59.65511201271744,58.37742755157852,61.33033324127645
Behaviour module comparison,Social + learning,3,68.29908826856678,66.38424448716863,70.59581795707888
Behaviour module comparison,Social + learning,4,76.4870507769268,74.52620705783892,78.41100860161151
Behaviour module comparison,Social + learning,5,84.30190900850927,82.04726848279589,86.19400617510469
Behaviour module comparison,Social + learning,6,84.49185506251426,82.18423563466449,86.31833812200779
Role mix sweep,Defenders 0% / Instigators 60%,0,45.0,45.0,45.0
Role mix sweep,Defenders 0% / Instigators 60%,1,54.393266581241356,53.18963687706223,55.74838065173542
Role mix sweep,Defenders 0% / Instigators 60%,2,64.55618416090321,62.75233754451102,66.84060777313667
Role mix sweep,Defenders 0% / Instigators 60%,3,75.95209934012821,73.45779512541775,78.86514286070891
Role mix sweep,Defenders 0% / Instigators 60%,4,85.14798615508258,81.51787299529984,88.25430284020119
Role mix sweep,Defenders 0% / Instigators 60%,5,85.9648578434392,82.93247907147685,88.66370860863213
Role mix sweep,Defenders 10% / Instigators 50%,0,45.0,45.0,45.0
Role mix sweep,Defenders 10% / Instigators 50%,1,53.64853978184308,52.76118811649718,54.80977819467372
Role mix sweep,Defenders 10% / Instigators 50%,2,63.054962283544775,61.289079392028874,64.25618567147498
Role mix sweep,Defenders 10% / Instigators 50%,3,72.83433758409444,71.11320834790428,74.55020450458034
Role mix sweep,Defenders 10% / Instigators 50%,4,83.16156566433918,81.8334776917283,85.4985395637371
Role mix sweep,Defenders 10% / Instigators 50%,5,84.82325396213791,82.77266821605873,86.26482675016376
Role mix sweep,Defenders 20% / Instigators 40%,0,45.0,45.0,45.0
Role mix sweep,Defenders 20% / Instigators 40%,1,53.02465731913399,51.89286877416133,54.04427508627428
Role mix sweep,Defenders 20% / Instigators 40%,2,61.25462909681291,59.926162587208005,62.45373356958846
Role mix sweep,Defenders 20% / Instigators 40%,3,70.72070552338965,68.5733391523489,72.42296213785454
Role mix sweep,Defenders 20% / Instigators 40%,4,80.54375199021675,78.03174816546442,82.66268969514866
Role mix sweep,Defenders 20% / Instigators 40%,5,84.98922218385947,82.45952822634206,86.61378195520751
Role mix sweep,Defenders 30% / Instigators 30%,0,45.0,45.0,45.0
Role mix sweep,Defenders 30% / Instigators 30%,1,52.043972380322224,50.970417086073354,53.31282213439816
Role mix sweep,Defenders 30% / Instigators 30%,2,59.367380649791244,58.13432789122818,60.818200764708045
Role mix sweep,Defenders 30% / Instigators 30%,3,67.84768454405626,65.93961920169842,70.01291177091065
Role mix sweep,Defenders 30% / Instigators 30%,4,77.42346606965042,75.00670236809668,79.42698278023332
Role mix sweep,Defenders 30% / Instigators 30%,5,84.86973817899536,81.76031872692181,87.25756808065512
Role mix sweep,Defenders 30% / Instigators 30%,6,85.39267966344643,82.22288801365269,87.59113473388425
Role mix sweep,Defenders 40% / Instigators 20%,0,45.0,45.0,45.0
Role mix sweep,Defenders 40% / Instigators 20%,1,51.466741499350846,50.70554973968537,52.35213788139389
Role mix sweep,Defenders 40% / Instigators 20%,2,58.46619597261864,57.02071233720657,59.77168233520865
Role mix sweep,Defenders 40% / Instigators 20%,3,66.68068155751857,65.2644795445829,68.21180267306356
Role mix sweep,Defenders 40% / Instigators 20%,4,75.08401547853393,72.87046779161564,77.03457021741028
Role mix sweep,Defenders 40% / Instigators 20%,5,83.68612213261684,81.94245802183671,85.69348925662702
Role mix sweep,Defenders 40% / Instigators 20%,6,84.90773120021657,83.07556277808595,86.2793834542909
Role mix sweep,Defenders 50% / Instigators 10%,0,45.0,45.0,45.0
Role mix sweep,Defenders 50% / Instigators 10%,1,50.44034396458804,49.40043955011262,51.567467784898845
Role mix sweep,Defenders 50% / Instigators 10%,2,57.46917667863234,56.369568988273656,58.68159907093822
Role mix sweep,Defenders 50% / Instigators 10%,3,65.68661200520425,63.74403501550232,67.26566805633914
Role mix sweep,Defenders 50% / Instigators 10%,4,73.38158396715735,71.55992660187009,74.91964113059598
Role mix sweep,Defenders 50% / Instigators 10%,5,80.87408210425228,79.32358690933671,82.04202697410273
Role mix sweep,Defenders 50% / Instigators 10%,6,83.98613007202592,81.832859534184,86.98308395363387
Role mix sweep,Defenders 60% / Instigators 0%,0,45.0,45.0,45.0
Role mix sweep,Defenders 60% / Instigators 0%,1,49.70635311864889,48.54630564130849,51.09381057299643
Role mix sweep,Defenders 60% / Instigators 0%,2,56.199967037835776,54.857564892000596,57.68225630876178
Role mix sweep,Defenders 60% / Instigators 0%,3,63.24122505148523,61.77142465474323,64.71746122724623
Role mix sweep,Defenders 60% / Instigators 0%,4,69.94780692712354,67.83840089569607,72.24085569327227
Role mix sweep,Defenders 60% / Instigators 0%,5,76.39186362538052,74.29785337511184,78.25765527227293
Role mix sweep,Defenders 60% / Instigators 0%,6,82.71770274930485,81.13018573899845,84.7053221880349
Role mix sweep,Defenders 60% / Instigators 0%,7,83.94841829289217,82.29902799414319,85.15603033296965
