run_number,seed,final_level,change,average_level_over_time,steps,outcome,defender_tendency,bully_support_tendency,silent_tendency,defender_action_share,bully_support_action_share,silent_action_share
1,501,87.44032290491752,42.44032290491752,65.5157295881175,5,Got worse,-0.08977500000000001,0.2149875,-0.06142499999999999,0.16279069767441862,0.4418604651162791,0.18604651162790697
2,502,85.93900090532284,40.93900090532284,63.217841392501576,5,Got worse,-0.14576625,0.516560625,-0.15096375,0.08823529411764706,0.47058823529411764,0.2647058823529412
3,503,82.91615489598368,37.91615489598368,63.48400783777038,5,Got worse,-0.2479561875,0.8468322187499998,-0.2279458125,0.15151515151515152,0.42424242424242425,0.18181818181818182
4,504,80.38217472976407,35.382174729764074,61.91498514852869,4,Got worse,-0.313499615625,1.2266445515624993,-0.27867518437500005,0.125,0.5,0.125
5,505,87.45920196524386,42.459201965243864,65.26248848055171,5,Got worse,-0.43612455796875,1.6185412342968737,-0.32756396203125004,0.1282051282051282,0.5384615384615384,0.02564102564102564
6,506,82.46134435062677,37.461344350626774,63.107688397380045,4,Got worse,-0.5393432416640624,2.177897419441404,-0.3790610563359375,0.0625,0.53125,0.0625
7,507,87.9468530202001,42.946853020200095,65.42627172174757,5,Got worse,-0.6769447279136719,2.8211570323576143,-0.4500952147863282,0.125,0.55,0.075
8,508,82.94073239703043,37.94073239703043,64.97250850416883,5,Got worse,-0.8399114371007227,3.4900305872112565,-0.5152469970042775,0.12195121951219512,0.4146341463414634,0.12195121951219512
9,509,87.84248693086181,42.84248693086181,65.79458195751855,4,Got worse,-0.9847981526658312,4.323022675292944,-0.6374215465549191,0.029411764705882353,0.6176470588235294,0.14705882352941177
10,510,84.76209370385197,39.762093703851974,65.04670728871227,4,Got worse,-1.189217875565706,5.328213576586885,-0.7472097785381568,0.08333333333333333,0.6388888888888888,0.05555555555555555
11,511,92.09389981699894,47.09389981699894,67.07696422605824,5,Got worse,-1.4479255569005618,6.640108113074916,-0.8758287453188804,0.11627906976744186,0.5813953488372093,0.09302325581395349
12,512,81.64647228499823,36.646472284998225,64.17062826783528,4,Got worse,-1.7029143904356459,7.936161830036154,-1.0757155571167125,0.06451612903225806,0.4838709677419355,0.25806451612903225
13,513,89.35214097389496,44.35214097389496,66.40075246714237,5,Got worse,-2.052851549000993,9.419536104541582,-1.2536103906842195,0.13157894736842105,0.5526315789473685,0.15789473684210525
14,514,82.16042303273407,37.16042303273407,62.768569276252805,3,Got worse,-2.360779281351142,11.026191520222822,-1.4629144492868527,0.034482758620689655,0.7241379310344828,0.13793103448275862
15,515,85.45982856612507,40.45982856612507,64.8861548613377,4,Got worse,-2.752696173553813,13.09119524825625,-1.6894391166798806,0.05555555555555555,0.6111111111111112,0.027777777777777776
16,516,80.16102514071778,35.16102514071778,62.92951145088436,4,Got worse,-3.2412005995868842,15.371449535494694,-1.9735674841818627,0.14285714285714285,0.6428571428571429,0.14285714285714285
17,517,88.90128538722121,43.90128538722121,65.75488493414831,5,Got worse,-3.784080689524917,18.000829465818892,-2.3263026068091426,0.09302325581395349,0.46511627906976744,0.20930232558139536
18,518,86.3595674157092,41.35956741570919,65.62788256467186,4,Got worse,-4.370592792953654,20.970278885691723,-2.6965104978305137,0.03125,0.625,0.125
19,519,80.55732329529157,35.55732329529157,63.33774346744896,4,Got worse,-5.049806711896703,24.361520718545478,-3.124612072505091,0.06666666666666667,0.5666666666666667,0.06666666666666667
20,520,84.19989390959562,39.199893909595616,64.14055009309193,5,Got worse,-5.925402718681209,28.2047488263273,-3.6452788833808554,0.1891891891891892,0.35135135135135137,0.2702702702702703
21,521,80.99235241534515,35.99235241534515,63.66140928637128,4,Got worse,-6.870913126483391,32.68116115027639,-4.222783215887984,0.13333333333333333,0.5666666666666667,0.1
22,522,81.4332280231974,36.4332280231974,62.90843392723061,4,Got worse,-7.9440750954559,37.85974782281786,-4.877463198271181,0.0967741935483871,0.5161290322580645,0.12903225806451613
23,523,84.13554103187938,39.135541031879384,64.97544952639038,4,Got worse,-9.145136359774284,43.739522496240546,-5.63034517801186,0.06060606060606061,0.5757575757575758,0.15151515151515152
24,524,85.01834278768496,40.01834278768496,64.30383832962681,4,Got worse,-10.516906813740427,50.61702587067664,-6.481984454713638,0.0,0.6176470588235294,0.058823529411764705
25,525,88.55098288538713,43.55098288538713,65.88281986430843,5,Got worse,-12.17476783580149,58.52615475127815,-7.522794622920683,0.14285714285714285,0.5,0.16666666666666666
26,526,88.16525586901564,43.16525586901564,67.14805602966665,5,Got worse,-14.076583011171714,67.7775779639699,-8.679563816358787,0.09523809523809523,0.47619047619047616,0.11904761904761904
27,527,80.63226706891096,35.63226706891096,63.10725520902376,4,Got worse,-16.244770462847473,78.23007715856536,-9.988585888812604,0.08571428571428572,0.5428571428571428,0.11428571428571428
28,528,80.76404240011992,35.76404240011992,63.01271397149918,4,Got worse,-18.719286032274592,90.32841373235016,-11.515223772134494,0.0975609756097561,0.4878048780487805,0.0975609756097561
29,529,82.57452166660657,37.57452166660657,64.39257135461708,4,Got worse,-21.58387893711578,104.13991329220265,-13.24959483795467,0.1111111111111111,0.6666666666666666,0.1111111111111111
30,530,85.44838572836106,40.44838572836106,65.63902563031576,4,Got worse,-24.934860777683145,120.06330028603303,-15.26538406364787,0.15,0.65,0.1
31,531,92.19279798228648,47.19279798228648,66.47216052718063,5,Got worse,-28.769589894335613,138.48387032893797,-17.57881667319505,0.13333333333333333,0.5555555555555556,0.044444444444444446
32,532,81.99066541476103,36.990665414761025,62.80720593274727,4,Got worse,-33.14172837848595,159.52577587827864,-20.23690167417431,0.09090909090909091,0.5151515151515151,0.15151515151515152
33,533,83.51351733877027,38.51351733877027,64.08146259906242,4,Got worse,-38.18858763525885,183.8184672600204,-23.286611925300456,0.11428571428571428,0.6857142857142857,0.05714285714285714
34,534,91.36547817733103,46.36547817733103,67.55613843612127,5,Got worse,-44.01610078054768,211.77868734902344,-26.864653714095528,0.1276595744680851,0.48936170212765956,0.2127659574468085
35,535,81.69064185568618,36.69064185568618,63.10024440589888,4,Got worse,-50.642140897629844,243.845527951377,-30.92742677120986,0.08823529411764706,0.5,0.14705882352941177
36,536,81.7247414729553,36.7247414729553,61.29641464846384,4,Got worse,-58.25736203227432,280.6845946440835,-35.583078286891336,0.034482758620689655,0.5517241379310345,0.13793103448275862
37,537,80.48900368477618,35.48900368477618,63.24071319704412,4,Got worse,-67.09046633711547,323.096771340696,-40.93471502992504,0.19444444444444445,0.5277777777777778,0.1111111111111111
38,538,88.56789828553055,43.567898285530546,65.48063688129923,4,Got worse,-77.1918362876828,371.93219954180046,-47.09618478441379,0.05128205128205128,0.6153846153846154,0.1282051282051282
39,539,85.74500475114185,40.74500475114185,65.61216766401667,4,Got worse,-88.81313673083521,428.0244294730705,-54.179512502075866,0.08571428571428572,0.5714285714285714,0.08571428571428572
40,540,92.61116048768721,47.611160487687215,67.13846195297738,4,Got worse,-102.13510724046051,492.53285639403106,-62.356051877387245,0.023809523809523808,0.6666666666666666,0.19047619047619047
