experiment_group,scenario,seed,initial_level,final_level,change,average_level_over_time,steps,outcome,instigators,defenders,neutral,other
Scenario comparison,Balanced baseline,100,45.0,80.64518543463453,35.64518543463453,61.86296564572741,5,Got worse,6,6,8,4
Scenario comparison,Balanced baseline,101,45.0,90.84730115694994,45.84730115694994,67.43034234937845,5,Got worse,6,6,8,4
Scenario comparison,Balanced baseline,102,45.0,90.23398369506042,45.23398369506042,66.63551341682056,5,Got worse,6,6,8,4
Scenario comparison,Balanced baseline,103,45.0,86.89948693020564,41.89948693020564,66.14776870435695,5,Got worse,6,6,8,4
Scenario comparison,Balanced baseline,104,45.0,87.51928969721968,42.519289697219676,65.34153491541653,5,Got worse,6,6,8,4
Scenario comparison,Balanced baseline,105,45.0,83.4728913980781,38.472891398078104,63.831381544036084,5,Got worse,6,6,8,4
Scenario comparison,Balanced baseline,106,45.0,88.23966512284447,43.23966512284447,64.32566468866973,5,Got worse,6,6,8,4
Scenario comparison,Balanced baseline,107,45.0,84.80509474725766,39.805094747257655,66.18356446931993,5,Got worse,6,6,8,4
Scenario comparison,Balanced baseline,108,45.0,86.30922352101177,41.30922352101177,64.86940303849138,5,Got worse,6,6,8,4
Scenario comparison,Balanced baseline,109,45.0,80.68584726281938,35.68584726281938,62.39089256026147,5,Got worse,6,6,8,4
Scenario comparison,Balanced baseline,110,45.0,86.42348069163756,41.423480691637565,64.07771296574067,5,Got worse,6,6,8,4
Scenario comparison,Balanced baseline,111,45.0,82.33965787843027,37.33965787843027,61.4911842528013,5,Got worse,6,6,8,4
Scenario comparison,Balanced baseline,112,45.0,91.04023128022173,46.04023128022173,66.35201944251224,5,Got worse,6,6,8,4
Scenario comparison,Balanced baseline,113,45.0,80.5460763143201,35.5460763143201,62.25800592203634,4,Got worse,6,6,8,4
Scenario comparison,Balanced baseline,114,45.0,83.58491963632028,38.58491963632028,62.37225535408887,5,Got worse,6,6,8,4
Scenario comparison,Balanced baseline,115,45.0,82.57408255844572,37.574082558445724,62.98736281583867,5,Got worse,6,6,8,4
Scenario comparison,Balanced baseline,116,45.0,89.07061813602938,44.07061813602938,64.7511195994625,5,Got worse,6,6,8,4
Scenario comparison,Balanced baseline,117,45.0,85.62227534704273,40.62227534704273,63.9017857058636,5,Got worse,6,6,8,4
Scenario comparison,Balanced baseline,118,45.0,84.25841129318896,39.258411293188956,62.76114928084769,5,Got worse,6,6,8,4
Scenario comparison,Balanced baseline,119,45.0,80.68096080119683,35.68096080119683,62.58698223591215,5,Got worse,6,6,8,4
Scenario comparison,Balanced baseline,120,45.0,91.06133042363174,46.061330423631745,66.10994199911401,5,Got worse,6,6,8,4
Scenario comparison,Balanced baseline,121,45.0,87.22794193152619,42.22794193152619,64.96769345300719,5,Got worse,6,6,8,4
Scenario comparison,Balanced baseline,122,45.0,87.65030868251807,42.65030868251807,63.94574650241657,5,Got worse,6,6,8,4
Scenario comparison,Balanced baseline,123,45.0,83.97474785651978,38.974747856519784,64.54676303768828,5,Got worse,6,6,8,4
Scenario comparison,Balanced baseline,124,45.0,84.91805279834884,39.91805279834884,64.77034534417173,5,Got worse,6,6,8,4
Scenario comparison,Balanced baseline,125,45.0,87.1823856105032,42.182385610503204,65.40439957331334,5,Got worse,6,6,8,4
Scenario comparison,Balanced baseline,126,45.0,89.2471764591953,44.2471764591953,65.27418839775913,5,Got worse,6,6,8,4
Scenario comparison,Balanced baseline,127,45.0,83.97329052620557,38.973290526205574,62.68022355192814,4,Got worse,6,6,8,4
Scenario comparison,Balanced baseline,128,45.0,86.88253318173706,41.88253318173706,64.65073592655003,5,Got worse,6,6,8,4
Scenario comparison,Balanced baseline,129,45.0,82.40455019535628,37.40455019535628,63.2482468606241,5,Got worse,6,6,8,4
Scenario comparison,Balanced baseline,130,45.0,85.83298914602184,40.832989146021845,64.89344469049833,5,Got worse,6,6,8,4
Scenario comparison,Balanced baseline,131,45.0,81.30275668078073,36.30275668078073,62.398027629558385,5,Got worse,6,6,8,4
Scenario comparison,Balanced baseline,132,45.0,84.23947913450468,39.23947913450468,64.13056920568052,5,Got worse,6,6,8,4
Scenario comparison,Balanced baseline,133,45.0,80.46102127213054,35.46102127213054,63.295778116543914,5,Got worse,6,6,8,4
Scenario comparison,Balanced baseline,134,45.0,86.34568192499584,41.345681924995844,63.09981292616115,5,Got worse,6,6,8,4
Scenario comparison,Balanced baseline,135,45.0,85.30785873641787,40.30785873641787,64.45186753196668,5,Got worse,6,6,8,4
Scenario comparison,Balanced baseline,136,45.0,82.86214097604085,37.86214097604085,62.209532539049945,5,Got worse,6,6,8,4
Scenario comparison,Balanced baseline,137,45.0,89.09732655362033,44.097326553620334,66.10177739895497,6,Got worse,6,6,8,4
Scenario comparison,Balanced baseline,138,45.0,81.17828928805251,36.17828928805251,62.53921651741157,4,Got worse,6,6,8,4
Scenario comparison,Balanced baseline,139,45.0,85.21703642504951,40.217036425049514,65.80159931136339,5,Got worse,6,6,8,4
Scenario comparison,Instigator-heavy,100,45.0,83.32602767193791,38.32602767193791,62.218852527428,4,Got worse,12,4,6,2
Scenario comparison,Instigator-heavy,101,45.0,84.02053770884862,39.02053770884862,65.01366056688254,4,Got worse,12,4,6,2
Scenario comparison,Instigator-heavy,102,45.0,84.62784980932457,39.62784980932457,64.18973629908774,4,Got worse,12,4,6,2
Scenario comparison,Instigator-heavy,103,45.0,82.16466194537745,37.164661945377446,63.24975853448127,4,Got worse,12,4,6,2
Scenario comparison,Instigator-heavy,104,45.0,84.6373506370681,39.637350637068096,63.531733465808074,4,Got worse,12,4,6,2
Scenario comparison,Instigator-heavy,105,45.0,81.05169165534579,36.05169165534579,62.284973452747934,4,Got worse,12,4,6,2
Scenario comparison,Instigator-heavy,106,45.0,83.2920502771164,38.2920502771164,63.345695460741965,4,Got worse,12,4,6,2
Scenario comparison,Instigator-heavy,107,45.0,87.09958576159374,42.099585761593744,65.22092480921958,4,Got worse,12,4,6,2
Scenario comparison,Instigator-heavy,108,45.0,83.42153975964175,38.421539759641746,63.922905794917895,4,Got worse,12,4,6,2
Scenario comparison,Instigator-heavy,109,45.0,82.22286732992525,37.22286732992525,63.33826017849342,5,Got worse,12,4,6,2
Scenario comparison,Instigator-heavy,110,45.0,87.94481898003976,42.944818980039756,65.57021463078699,4,Got worse,12,4,6,2
Scenario comparison,Instigator-heavy,111,45.0,83.62371490081716,38.62371490081716,62.93828560014617,4,Got worse,12,4,6,2
Scenario comparison,Instigator-heavy,112,45.0,86.92102271969995,41.92102271969995,64.32412933830767,4,Got worse,12,4,6,2
Scenario comparison,Instigator-heavy,113,45.0,92.59428463444057,47.59428463444057,67.53194290153382,4,Got worse,12,4,6,2
Scenario comparison,Instigator-heavy,114,45.0,82.27314035011675,37.27314035011675,64.01300373571823,4,Got worse,12,4,6,2
Scenario comparison,Instigator-heavy,115,45.0,87.65667121401376,42.656671214013755,64.70589893258546,5,Got worse,12,4,6,2
Scenario comparison,Instigator-heavy,116,45.0,83.18119261275906,38.18119261275906,63.680304805108996,4,Got worse,12,4,6,2
Scenario comparison,Instigator-heavy,117,45.0,83.34907742685877,38.34907742685877,63.85397888458981,4,Got worse,12,4,6,2
Scenario comparison,Instigator-heavy,118,45.0,85.91305382376625,40.91305382376625,64.88474952175582,5,Got worse,12,4,6,2
Scenario comparison,Instigator-heavy,119,45.0,80.70826361314488,35.70826361314488,62.67223657731667,4,Got worse,12,4,6,2
Scenario comparison,Instigator-heavy,120,45.0,94.54981794631662,49.54981794631662,66.99691165974185,5,Got worse,12,4,6,2
Scenario comparison,Instigator-heavy,121,45.0,84.41432948010781,39.41432948010781,63.64093888248924,4,Got worse,12,4,6,2
Scenario comparison,Instigator-heavy,122,45.0,86.70150876178546,41.70150876178546,64.14176885750018,4,Got worse,12,4,6,2
Scenario comparison,Instigator-heavy,123,45.0,82.0822688693165,37.08226886931649,64.08629633098329,4,Got worse,12,4,6,2
Scenario comparison,Instigator-heavy,124,45.0,84.28869783476358,39.28869783476358,63.694140691825666,4,Got worse,12,4,6,2
Scenario comparison,Instigator-heavy,125,45.0,81.77954951682096,36.779549516820964,64.56937795216388,4,Got worse,12,4,6,2
Scenario comparison,Instigator-heavy,126,45.0,87.11429638179044,42.11429638179044,64.44658937918304,4,Got worse,12,4,6,2
Scenario comparison,Instigator-heavy,127,45.0,80.6925666412872,35.6925666412872,62.47060421930091,4,Got worse,12,4,6,2
Scenario comparison,Instigator-heavy,128,45.0,87.03669736747308,42.03669736747308,65.95481842734338,4,Got worse,12,4,6,2
Scenario comparison,Instigator-heavy,129,45.0,85.31976559610678,40.31976559610678,63.24363469369386,4,Got worse,12,4,6,2
Scenario comparison,Instigator-heavy,130,45.0,84.66488107268759,39.66488107268759,62.8941922063922,4,Got worse,12,4,6,2
Scenario comparison,Instigator-heavy,131,45.0,87.99268484283355,42.992684842833555,66.00874127828078,4,Got worse,12,4,6,2
Scenario comparison,Instigator-heavy,132,45.0,84.91360401558237,39.913604015582365,64.89125274824657,4,Got worse,12,4,6,2
Scenario comparison,Instigator-heavy,133,45.0,85.53597729868382,40.53597729868382,63.828735423007,5,Got worse,12,4,6,2
Scenario comparison,Instigator-heavy,134,45.0,84.19335638035764,39.19335638035764,63.070502382305904,5,Got worse,12,4,6,2
Scenario comparison,Instigator-heavy,135,45.0,81.33019579309709,36.33019579309709,63.37420108488103,4,Got worse,12,4,6,2
Scenario comparison,Instigator-heavy,136,45.0,88.9065826726827,43.9065826726827,66.08432291036625,5,Got worse,12,4,6,2
Scenario comparison,Instigator-heavy,137,45.0,85.92992848908756,40.92992848908756,64.60579278061306,4,Got worse,12,4,6,2
Scenario comparison,Instigator-heavy,138,45.0,84.68711640831125,39.687116408311255,63.846204947049614,4,Got worse,12,4,6,2
Scenario comparison,Instigator-heavy,139,45.0,88.6607759337451,43.6607759337451,65.45173906256738,4,Got worse,12,4,6,2
Scenario comparison,Defender-heavy,100,45.0,82.29858145891768,37.29858145891768,62.81306861915633,5,Got worse,4,12,6,2
Scenario comparison,Defender-heavy,101,45.0,81.58110812683348,36.581108126833485,62.47995106402371,5,Got worse,4,12,6,2
Scenario comparison,Defender-heavy,102,45.0,81.55789748344218,36.557897483442176,63.78964457968173,5,Got worse,4,12,6,2
Scenario comparison,Defender-heavy,103,45.0,85.43701862660505,40.43701862660505,65.60828173776916,5,Got worse,4,12,6,2
Scenario comparison,Defender-heavy,104,45.0,90.46561318093714,45.46561318093714,65.37585033713897,5,Got worse,4,12,6,2
Scenario comparison,Defender-heavy,105,45.0,86.79833947918432,41.79833947918432,64.90097295396986,6,Got worse,4,12,6,2
Scenario comparison,Defender-heavy,106,45.0,81.26605728324084,36.26605728324084,63.63470632047311,5,Got worse,4,12,6,2
Scenario comparison,Defender-heavy,107,45.0,84.5797117289075,39.5797117289075,62.25405204957574,4,Got worse,4,12,6,2
Scenario comparison,Defender-heavy,108,45.0,82.70533035711735,37.70533035711735,62.390245404059414,5,Got worse,4,12,6,2
Scenario comparison,Defender-heavy,109,45.0,87.43060586220888,42.43060586220888,65.43153515254262,6,Got worse,4,12,6,2
Scenario comparison,Defender-heavy,110,45.0,84.69168632575362,39.69168632575362,61.778341709864264,5,Got worse,4,12,6,2
Scenario comparison,Defender-heavy,111,45.0,81.71984372511727,36.71984372511727,62.12660489741569,5,Got worse,4,12,6,2
Scenario comparison,Defender-heavy,112,45.0,81.66096533463681,36.66096533463681,61.76311807248933,5,Got worse,4,12,6,2
Scenario comparison,Defender-heavy,113,45.0,85.32977712580544,40.329777125805435,64.49097970835498,5,Got worse,4,12,6,2
Scenario comparison,Defender-heavy,114,45.0,80.66393844439892,35.66393844439892,60.83832921448073,5,Got worse,4,12,6,2
Scenario comparison,Defender-heavy,115,45.0,85.92254472391608,40.922544723916076,64.98410652992784,6,Got worse,4,12,6,2
Scenario comparison,Defender-heavy,116,45.0,82.78292626109523,37.78292626109523,63.36860717573907,5,Got worse,4,12,6,2
Scenario comparison,Defender-heavy,117,45.0,84.35354613779602,39.353546137796016,63.37026513926472,5,Got worse,4,12,6,2
Scenario comparison,Defender-heavy,118,45.0,82.8644460468543,37.8644460468543,62.33452099366488,5,Got worse,4,12,6,2
Scenario comparison,Defender-heavy,119,45.0,81.03521558774162,36.03521558774162,61.97174733191206,5,Got worse,4,12,6,2
Scenario comparison,Defender-heavy,120,45.0,84.10102072325199,39.10102072325199,64.9443062308879,5,Got worse,4,12,6,2
Scenario comparison,Defender-heavy,121,45.0,88.21225453986506,43.21225453986506,64.22664623104043,5,Got worse,4,12,6,2
Scenario comparison,Defender-heavy,122,45.0,80.54001949083036,35.54001949083036,62.09786079744532,5,Got worse,4,12,6,2
Scenario comparison,Defender-heavy,123,45.0,81.76961069099397,36.76961069099397,64.34846327513685,5,Got worse,4,12,6,2
Scenario comparison,Defender-heavy,124,45.0,86.06110139908048,41.061101399080485,64.26972847706492,6,Got worse,4,12,6,2
Scenario comparison,Defender-heavy,125,45.0,80.55648894759751,35.556488947597515,61.70054220683691,4,Got worse,4,12,6,2
Scenario comparison,Defender-heavy,126,45.0,83.85833607702594,38.85833607702594,63.26048060614429,5,Got worse,4,12,6,2
Scenario comparison,Defender-heavy,127,45.0,84.6844248394044,39.6844248394044,63.95716026697872,5,Got worse,4,12,6,2
Scenario comparison,Defender-heavy,128,45.0,80.29340190764313,35.29340190764313,62.71616347160949,5,Got worse,4,12,6,2
Scenario comparison,Defender-heavy,129,45.0,80.46556965956498,35.46556965956498,61.778641416659845,5,Got worse,4,12,6,2
Scenario comparison,Defender-heavy,130,45.0,86.7109850709834,41.7109850709834,65.56548447366018,6,Got worse,4,12,6,2
Scenario comparison,Defender-heavy,131,45.0,86.39545055028545,41.395450550285446,63.44749013172635,6,Got worse,4,12,6,2
Scenario comparison,Defender-heavy,132,45.0,82.22320943499854,37.22320943499854,62.988497671192015,5,Got worse,4,12,6,2
Scenario comparison,Defender-heavy,133,45.0,86.01052571274403,41.01052571274403,65.79954636875713,6,Got worse,4,12,6,2
Scenario comparison,Defender-heavy,134,45.0,92.45080376390976,47.45080376390976,64.46058072005802,6,Got worse,4,12,6,2
Scenario comparison,Defender-heavy,135,45.0,86.99094257356083,41.99094257356083,64.33773342399417,5,Got worse,4,12,6,2
Scenario comparison,Defender-heavy,136,45.0,81.20560034284678,36.20560034284678,62.81738887835899,6,Got worse,4,12,6,2
Scenario comparison,Defender-heavy,137,45.0,84.5998736963734,39.59987369637339,63.77665613047325,5,Got worse,4,12,6,2
Scenario comparison,Defender-heavy,138,45.0,87.44532399189765,42.44532399189765,64.56781935799111,6,Got worse,4,12,6,2
Scenario comparison,Defender-heavy,139,45.0,81.09423292219778,36.094232922197776,63.31472877550732,5,Got worse,4,12,6,2
Scenario comparison,Neutral-heavy,100,45.0,83.55635676193022,38.55635676193022,62.473806151446894,5,Got worse,4,4,14,2
Scenario comparison,Neutral-heavy,101,45.0,83.4612968802993,38.4612968802993,63.93060103498497,5,Got worse,4,4,14,2
Scenario comparison,Neutral-heavy,102,45.0,85.00492162744997,40.004921627449974,65.08935062773294,5,Got worse,4,4,14,2
Scenario comparison,Neutral-heavy,103,45.0,82.69124916626076,37.69124916626076,64.11286387354177,5,Got worse,4,4,14,2
Scenario comparison,Neutral-heavy,104,45.0,87.95240409165191,42.952404091651914,65.69007473373976,5,Got worse,4,4,14,2
Scenario comparison,Neutral-heavy,105,45.0,81.68927157697512,36.689271576975116,62.290385922034574,5,Got worse,4,4,14,2
Scenario comparison,Neutral-heavy,106,45.0,83.39619676516149,38.39619676516149,64.03169381222888,6,Got worse,4,4,14,2
Scenario comparison,Neutral-heavy,107,45.0,90.11378479743549,45.113784797435486,67.15782360237786,5,Got worse,4,4,14,2
Scenario comparison,Neutral-heavy,108,45.0,82.89534744072185,37.89534744072185,64.54250902500667,5,Got worse,4,4,14,2
Scenario comparison,Neutral-heavy,109,45.0,81.47545595783464,36.47545595783464,63.31566348689872,5,Got worse,4,4,14,2
Scenario comparison,Neutral-heavy,110,45.0,83.43930463567129,38.43930463567129,63.150294260678926,5,Got worse,4,4,14,2
Scenario comparison,Neutral-heavy,111,45.0,87.82263874251576,42.822638742515764,65.0938233167035,5,Got worse,4,4,14,2
Scenario comparison,Neutral-heavy,112,45.0,83.93232515695101,38.93232515695101,62.901328069234445,5,Got worse,4,4,14,2
Scenario comparison,Neutral-heavy,113,45.0,86.09398537311071,41.09398537311071,64.8202062839966,5,Got worse,4,4,14,2
Scenario comparison,Neutral-heavy,114,45.0,84.40500653748943,39.40500653748943,63.06791907832969,5,Got worse,4,4,14,2
Scenario comparison,Neutral-heavy,115,45.0,90.44878683559409,45.44878683559409,66.00502482585894,6,Got worse,4,4,14,2
Scenario comparison,Neutral-heavy,116,45.0,80.15151353381236,35.15151353381236,62.63680776481447,5,Got worse,4,4,14,2
Scenario comparison,Neutral-heavy,117,45.0,83.22930444141585,38.22930444141585,62.03678052645112,5,Got worse,4,4,14,2
Scenario comparison,Neutral-heavy,118,45.0,80.74495192897129,35.74495192897129,62.14615859530812,5,Got worse,4,4,14,2
Scenario comparison,Neutral-heavy,119,45.0,81.98074725967948,36.980747259679475,62.70698552144063,5,Got worse,4,4,14,2
Scenario comparison,Neutral-heavy,120,45.0,85.73458657154423,40.73458657154423,65.03608381665839,5,Got worse,4,4,14,2
Scenario comparison,Neutral-heavy,121,45.0,85.9183810051927,40.9183810051927,63.76545142716094,5,Got worse,4,4,14,2
Scenario comparison,Neutral-heavy,122,45.0,85.67212488450774,40.67212488450774,65.86425408426281,5,Got worse,4,4,14,2
Scenario comparison,Neutral-heavy,123,45.0,81.80602264447168,36.80602264447168,63.88014799198853,5,Got worse,4,4,14,2
Scenario comparison,Neutral-heavy,124,45.0,80.86963961777128,35.869639617771284,61.90049592144219,5,Got worse,4,4,14,2
Scenario comparison,Neutral-heavy,125,45.0,88.62188765618507,43.621887656185066,65.65639957959996,5,Got worse,4,4,14,2
Scenario comparison,Neutral-heavy,126,45.0,85.84805995657607,40.848059956576066,63.37033222390617,5,Got worse,4,4,14,2
Scenario comparison,Neutral-heavy,127,45.0,86.70035826628359,41.70035826628359,64.04774937176946,5,Got worse,4,4,14,2
Scenario comparison,Neutral-heavy,128,45.0,88.61711661493618,43.61711661493618,65.4633345274941,5,Got worse,4,4,14,2
Scenario comparison,Neutral-heavy,129,45.0,87.23104049349264,42.23104049349264,64.7955028707748,6,Got worse,4,4,14,2
Scenario comparison,Neutral-heavy,130,45.0,84.24696229304398,39.24696229304398,64.3911343501682,6,Got worse,4,4,14,2
Scenario comparison,Neutral-heavy,131,45.0,80.8084211375874,35.8084211375874,63.71630717198622,5,Got worse,4,4,14,2
Scenario comparison,Neutral-heavy,132,45.0,86.29477140821722,41.294771408217215,65.14470792211509,5,Got worse,4,4,14,2
Scenario comparison,Neutral-heavy,133,45.0,83.03426530822811,38.034265308228115,64.07289275512652,5,Got worse,4,4,14,2
Scenario comparison,Neutral-heavy,134,45.0,83.51254710136469,38.51254710136469,61.75965083369044,5,Got worse,4,4,14,2
Scenario comparison,Neutral-heavy,135,45.0,88.32820986849478,43.32820986849478,65.5815222547634,5,Got worse,4,4,14,2
Scenario comparison,Neutral-heavy,136,45.0,85.31259167337072,40.31259167337072,63.41410618452882,6,Got worse,4,4,14,2
Scenario comparison,Neutral-heavy,137,45.0,89.39215055271794,44.392150552717936,65.48735223463852,6,Got worse,4,4,14,2
Scenario comparison,Neutral-heavy,138,45.0,82.70763656206108,37.70763656206108,64.08648588943885,5,Got worse,4,4,14,2
Scenario comparison,Neutral-heavy,139,45.0,89.46117840553444,44.46117840553444,66.7753117104038,6,Got worse,4,4,14,2
Scenario comparison,Low-harm context,100,25.0,82.48196722346255,57.48196722346255,51.59771116141168,13,Got worse,6,6,8,4
Scenario comparison,Low-harm context,101,25.0,85.79812404907244,60.79812404907244,51.512811307058136,13,Got worse,6,6,8,4
Scenario comparison,Low-harm context,102,25.0,80.64857254907164,55.648572549071645,50.55939998579364,14,Got worse,6,6,8,4
Scenario comparison,Low-harm context,103,25.0,83.73116630850711,58.73116630850711,52.2212826941125,12,Got worse,6,6,8,4
Scenario comparison,Low-harm context,104,25.0,82.30978320169257,57.30978320169257,51.29717605486974,13,Got worse,6,6,8,4
Scenario comparison,Low-harm context,105,25.0,80.7133815074528,55.713381507452794,48.502086410378155,12,Got worse,6,6,8,4
Scenario comparison,Low-harm context,106,25.0,80.44550312441021,55.44550312441021,49.4693135482223,12,Got worse,6,6,8,4
Scenario comparison,Low-harm context,107,25.0,84.15931536986398,59.159315369863975,53.59927043178425,12,Got worse,6,6,8,4
Scenario comparison,Low-harm context,108,25.0,83.9406575908107,58.9406575908107,52.18530680639965,15,Got worse,6,6,8,4
Scenario comparison,Low-harm context,109,25.0,85.04216886249526,60.04216886249526,50.77851867281808,16,Got worse,6,6,8,4
Scenario comparison,Low-harm context,110,25.0,81.66631989197681,56.66631989197681,52.33864506311735,16,Got worse,6,6,8,4
Scenario comparison,Low-harm context,111,25.0,83.33935183305995,58.33935183305995,52.84714882125473,14,Got worse,6,6,8,4
Scenario comparison,Low-harm context,112,25.0,80.42873867512128,55.42873867512128,52.2521033764785,13,Got worse,6,6,8,4
Scenario comparison,Low-harm context,113,25.0,82.08425843751722,57.08425843751722,52.54817588255436,14,Got worse,6,6,8,4
Scenario comparison,Low-harm context,114,25.0,80.95251239552063,55.95251239552063,50.94241649733238,12,Got worse,6,6,8,4
Scenario comparison,Low-harm context,115,25.0,82.63922377942446,57.639223779424455,50.964949779203664,15,Got worse,6,6,8,4
Scenario comparison,Low-harm context,116,25.0,82.4668177897021,57.466817789702105,53.19778203961764,13,Got worse,6,6,8,4
Scenario comparison,Low-harm context,117,25.0,80.40728675847464,55.40728675847464,49.782017026723516,13,Got worse,6,6,8,4
Scenario comparison,Low-harm context,118,25.0,81.85707950046343,56.85707950046343,52.365393477231564,12,Got worse,6,6,8,4
Scenario comparison,Low-harm context,119,25.0,80.68131388876922,55.681313888769225,48.83665495518084,15,Got worse,6,6,8,4
Scenario comparison,Low-harm context,120,25.0,80.04256567590124,55.042565675901244,49.349283767443936,13,Got worse,6,6,8,4
Scenario comparison,Low-harm context,121,25.0,83.83602994892196,58.83602994892196,53.03054130822938,12,Got worse,6,6,8,4
Scenario comparison,Low-harm context,122,25.0,80.08142235509267,55.08142235509267,51.19583982236744,13,Got worse,6,6,8,4
Scenario comparison,Low-harm context,123,25.0,82.31520971635057,57.315209716350566,50.01560474855535,13,Got worse,6,6,8,4
Scenario comparison,Low-harm context,124,25.0,85.19829887597899,60.19829887597899,54.68586108025387,13,Got worse,6,6,8,4
Scenario comparison,Low-harm context,125,25.0,80.9954029680607,55.9954029680607,51.20159263563106,12,Got worse,6,6,8,4
Scenario comparison,Low-harm context,126,25.0,87.08091505012,62.08091505012,51.17301279894629,12,Got worse,6,6,8,4
Scenario comparison,Low-harm context,127,25.0,85.75402352395676,60.75402352395676,52.7854478896517,13,Got worse,6,6,8,4
Scenario comparison,Low-harm context,128,25.0,80.84754613197951,55.84754613197951,50.81187987119889,13,Got worse,6,6,8,4
Scenario comparison,Low-harm context,129,25.0,80.6943236412897,55.6943236412897,50.865593933717676,13,Got worse,6,6,8,4
Scenario comparison,Low-harm context,130,25.0,84.06247708173413,59.06247708173413,51.10211993514467,14,Got worse,6,6,8,4
Scenario comparison,Low-harm context,131,25.0,84.59928007387914,59.59928007387914,49.79248647954891,13,Got worse,6,6,8,4
Scenario comparison,Low-harm context,132,25.0,81.05838801193774,56.05838801193774,49.25638311781246,13,Got worse,6,6,8,4
Scenario comparison,Low-harm context,133,25.0,81.18245478977452,56.182454789774525,52.62802559843727,13,Got worse,6,6,8,4
Scenario comparison,Low-harm context,134,25.0,81.7558656711376,56.7558656711376,53.113449208146044,13,Got worse,6,6,8,4
Scenario comparison,Low-harm context,135,25.0,81.33594922111111,56.33594922111111,50.357677334418355,14,Got worse,6,6,8,4
Scenario comparison,Low-harm context,136,25.0,82.79534339179247,57.79534339179247,50.858516778921356,13,Got worse,6,6,8,4
Scenario comparison,Low-harm context,137,25.0,84.42591441074663,59.42591441074663,52.95468226417974,16,Got worse,6,6,8,4
Scenario comparison,Low-harm context,138,25.0,82.87923208527121,57.87923208527121,48.20750665603631,13,Got worse,6,6,8,4
Scenario comparison,Low-harm context,139,25.0,80.85668038190198,55.85668038190198,51.619149660265535,14,Got worse,6,6,8,4
Scenario comparison,High-harm context,100,65.0,88.3747908993481,23.3747908993481,76.13899423315097,2,Got worse,6,6,8,4
Scenario comparison,High-harm context,101,65.0,81.23283178824765,16.23283178824765,73.11641589412383,1,Got worse,6,6,8,4
Scenario comparison,High-harm context,102,65.0,81.0753577144017,16.075357714401704,73.03767885720086,1,Got worse,6,6,8,4
Scenario comparison,High-harm context,103,65.0,80.29589527235777,15.295895272357768,72.64794763617888,1,Got worse,6,6,8,4
Scenario comparison,High-harm context,104,65.0,93.84749986589311,28.847499865893113,78.79028542349334,2,Got worse,6,6,8,4
Scenario comparison,High-harm context,105,65.0,91.10161037944714,26.101610379447138,77.75370650888482,2,Got worse,6,6,8,4
Scenario comparison,High-harm context,106,65.0,92.29968516471426,27.299685164714262,77.60284012724019,2,Got worse,6,6,8,4
Scenario comparison,High-harm context,107,65.0,91.77855175651388,26.778551756513878,77.03312964906846,2,Got worse,6,6,8,4
Scenario comparison,High-harm context,108,65.0,90.46166169860118,25.461661698601176,78.01373964539813,2,Got worse,6,6,8,4
Scenario comparison,High-harm context,109,65.0,93.01705131545366,28.017051315453656,79.26922411123547,2,Got worse,6,6,8,4
Scenario comparison,High-harm context,110,65.0,89.37466372924723,24.37466372924723,76.60572420273238,2,Got worse,6,6,8,4
Scenario comparison,High-harm context,111,65.0,92.3621325261688,27.362132526168807,78.32386744050771,2,Got worse,6,6,8,4
Scenario comparison,High-harm context,112,65.0,80.08814368430413,15.088143684304129,72.54407184215206,1,Got worse,6,6,8,4
Scenario comparison,High-harm context,113,65.0,94.43743491846907,29.437434918469066,79.44539401248687,2,Got worse,6,6,8,4
Scenario comparison,High-harm context,114,65.0,88.77459354697197,23.77459354697197,76.85023594932842,2,Got worse,6,6,8,4
Scenario comparison,High-harm context,115,65.0,90.83025602132015,25.830256021320153,77.78971348876036,2,Got worse,6,6,8,4
Scenario comparison,High-harm context,116,65.0,90.30416869063762,25.304168690637624,77.7548144468213,2,Got worse,6,6,8,4
Scenario comparison,High-harm context,117,65.0,92.1420678728134,27.1420678728134,78.05797528330875,2,Got worse,6,6,8,4
Scenario comparison,High-harm context,118,65.0,90.5965720396626,25.596572039662604,77.39676549377835,2,Got worse,6,6,8,4
Scenario comparison,High-harm context,119,65.0,90.05294722643931,25.052947226439315,77.10925446574977,2,Got worse,6,6,8,4
Scenario comparison,High-harm context,120,65.0,80.73006952286745,15.730069522867453,72.86503476143372,1,Got worse,6,6,8,4
Scenario comparison,High-harm context,121,65.0,92.03036443880973,27.030364438809727,77.31537018767794,2,Got worse,6,6,8,4
Scenario comparison,High-harm context,122,65.0,92.15581247128702,27.15581247128702,77.90037800416263,2,Got worse,6,6,8,4
Scenario comparison,High-harm context,123,65.0,92.16054453282337,27.160544532823366,78.62548241317596,2,Got worse,6,6,8,4
Scenario comparison,High-harm context,124,65.0,89.76464475799303,24.764644757993025,77.71567869544408,2,Got worse,6,6,8,4
Scenario comparison,High-harm context,125,65.0,81.05351837171042,16.053518371710425,73.02675918585521,1,Got worse,6,6,8,4
Scenario comparison,High-harm context,126,65.0,88.08414874160219,23.084148741602192,75.81426379137513,2,Got worse,6,6,8,4
Scenario comparison,High-harm context,127,65.0,93.2166269044612,28.216626904461194,77.95377663680472,2,Got worse,6,6,8,4
Scenario comparison,High-harm context,128,65.0,93.94593863761662,28.94593863761662,78.74654468359456,2,Got worse,6,6,8,4
Scenario comparison,High-harm context,129,65.0,91.9919902716915,26.991990271691506,78.92608979124952,2,Got worse,6,6,8,4
Scenario comparison,High-harm context,130,65.0,84.10702101847849,19.10702101847849,75.30470457965744,2,Got worse,6,6,8,4
Scenario comparison,High-harm context,131,65.0,89.31376378507065,24.31376378507065,77.1635014772102,2,Got worse,6,6,8,4
Scenario comparison,High-harm context,132,65.0,91.68541749358705,26.685417493587053,78.66188984986519,2,Got worse,6,6,8,4
Scenario comparison,High-harm context,133,65.0,92.76010299819438,27.760102998194384,78.91691014604207,2,Got worse,6,6,8,4
Scenario comparison,High-harm context,134,65.0,91.02369162788213,26.02369162788213,78.48146802996122,2,Got worse,6,6,8,4
Scenario comparison,High-harm context,135,65.0,95.49557749620087,30.495577496200866,79.98432983696516,2,Got worse,6,6,8,4
Scenario comparison,High-harm context,136,65.0,86.86212810662887,21.862128106628873,76.17188945658548,2,Got worse,6,6,8,4
Scenario comparison,High-harm context,137,65.0,92.10246164513622,27.102461645136216,78.65489978101947,2,Got worse,6,6,8,4
Scenario comparison,High-harm context,138,65.0,87.8271414922869,22.8271414922869,76.44797527875598,2,Got worse,6,6,8,4
Scenario comparison,High-harm context,139,65.0,95.44712427076566,30.447124270765656,79.73884782895469,2,Got worse,6,6,8,4
Scenario comparison,High engagement,100,45.0,86.64042534431029,41.64042534431029,64.70193248761782,5,Got worse,6,6,8,4
Scenario comparison,High engagement,101,45.0,84.13669329461949,39.13669329461949,64.95319248082713,4,Got worse,6,6,8,4
Scenario comparison,High engagement,102,45.0,83.63421448722903,38.63421448722903,64.12242486117256,4,Got worse,6,6,8,4
Scenario comparison,High engagement,103,45.0,84.18492754754399,39.18492754754399,64.2032878291752,4,Got worse,6,6,8,4
Scenario comparison,High engagement,104,45.0,82.13433647455159,37.13433647455159,63.11516529238922,4,Got worse,6,6,8,4
Scenario comparison,High engagement,105,45.0,88.9986253480781,43.99862534807809,66.59301813848053,5,Got worse,6,6,8,4
Scenario comparison,High engagement,106,45.0,81.24071273342247,36.24071273342247,61.75204716961257,4,Got worse,6,6,8,4
Scenario comparison,High engagement,107,45.0,82.4139988634314,37.4139988634314,64.67396849780646,4,Got worse,6,6,8,4
Scenario comparison,High engagement,108,45.0,81.49147109995481,36.49147109995481,62.784740164209516,4,Got worse,6,6,8,4
Scenario comparison,High engagement,109,45.0,86.22078460726381,41.22078460726381,65.15559695285405,5,Got worse,6,6,8,4
Scenario comparison,High engagement,110,45.0,81.934151243204,36.934151243204,61.814801313524256,4,Got worse,6,6,8,4
Scenario comparison,High engagement,111,45.0,87.86906157105682,42.86906157105682,64.25036723104769,5,Got worse,6,6,8,4
Scenario comparison,High engagement,112,45.0,84.14550190355963,39.145501903559634,63.620984408303684,4,Got worse,6,6,8,4
Scenario comparison,High engagement,113,45.0,84.9809769208016,39.980976920801595,64.46718726555487,4,Got worse,6,6,8,4
Scenario comparison,High engagement,114,45.0,89.09225296965359,44.092252969653586,65.12347757631109,5,Got worse,6,6,8,4
Scenario comparison,High engagement,115,45.0,88.42672803397637,43.426728033976374,65.80256391870489,5,Got worse,6,6,8,4
Scenario comparison,High engagement,116,45.0,80.30474295021826,35.304742950218255,63.50283115685828,4,Got worse,6,6,8,4
Scenario comparison,High engagement,117,45.0,81.28376955158369,36.28376955158369,61.76797584540556,4,Got worse,6,6,8,4
Scenario comparison,High engagement,118,45.0,90.25718798554462,45.25718798554462,65.60469206290696,5,Got worse,6,6,8,4
Scenario comparison,High engagement,119,45.0,86.2122131457092,41.2122131457092,65.34739253746669,5,Got worse,6,6,8,4
Scenario comparison,High engagement,120,45.0,83.1749695130126,38.1749695130126,63.326267369766015,4,Got worse,6,6,8,4
Scenario comparison,High engagement,121,45.0,83.45827602888937,38.45827602888937,62.72518992906265,4,Got worse,6,6,8,4
Scenario comparison,High engagement,122,45.0,81.67686796728736,36.676867967287365,61.41364323306293,4,Got worse,6,6,8,4
Scenario comparison,High engagement,123,45.0,82.47225632293046,37.47225632293046,63.61305843401065,4,Got worse,6,6,8,4
Scenario comparison,High engagement,124,45.0,80.56770252452795,35.567702524527945,62.947780303891854,4,Got worse,6,6,8,4
Scenario comparison,High engagement,125,45.0,81.34124631975652,36.34124631975652,63.262777295504996,4,Got worse,6,6,8,4
Scenario comparison,High engagement,126,45.0,83.50246269294509,38.50246269294509,62.69171401991633,4,Got worse,6,6,8,4
Scenario comparison,High engagement,127,45.0,88.4156040632426,43.4156040632426,64.89309114822443,4,Got worse,6,6,8,4
Scenario comparison,High engagement,128,45.0,82.0944577500408,37.0944577500408,63.49917442406975,4,Got worse,6,6,8,4
Scenario comparison,High engagement,129,45.0,87.92475661480073,42.92475661480073,66.00681515275373,5,Got worse,6,6,8,4
Scenario comparison,High engagement,130,45.0,91.36056257616536,46.360562576165364,67.65385397098522,5,Got worse,6,6,8,4
Scenario comparison,High engagement,131,45.0,86.14429164387445,41.14429164387445,64.90451117932943,5,Got worse,6,6,8,4
Scenario comparison,High engagement,132,45.0,82.45896440281953,37.45896440281953,62.56949061859741,4,Got worse,6,6,8,4
Scenario comparison,High engagement,133,45.0,86.0328642282972,41.0328642282972,66.06540408238651,5,Got worse,6,6,8,4
Scenario comparison,High engagement,134,45.0,91.8695703041625,46.869570304162494,65.86022015602225,5,Got worse,6,6,8,4
Scenario comparison,High engagement,135,45.0,80.33372493631272,35.33372493631272,62.01890992609138,4,Got worse,6,6,8,4
Scenario comparison,High engagement,136,45.0,88.39154159782555,43.39154159782555,64.96932713596776,5,Got worse,6,6,8,4
Scenario comparison,High engagement,137,45.0,84.67816141150176,39.67816141150176,65.03266244001536,5,Got worse,6,6,8,4
Scenario comparison,High engagement,138,45.0,85.59664706583027,40.59664706583027,64.74435473963379,4,Got worse,6,6,8,4
Scenario comparison,High engagement,139,45.0,82.74513129378576,37.74513129378576,64.12401555529284,4,Got worse,6,6,8,4
Behaviour module comparison,Rules only,100,45.0,83.29581620860952,38.29581620860952,62.848111673713284,6,Got worse,6,6,8,4
Behaviour module comparison,Rules only,101,45.0,82.98251974891204,37.98251974891204,64.96839961470546,5,Got worse,6,6,8,4
Behaviour module comparison,Rules only,102,45.0,85.044466647459,40.044466647459004,65.39833223211635,6,Got worse,6,6,8,4
Behaviour module comparison,Rules only,103,45.0,82.14006212812102,37.140062128121016,64.2809523379213,5,Got worse,6,6,8,4
Behaviour module comparison,Rules only,104,45.0,87.66787039546044,42.66787039546044,66.73412291053843,6,Got worse,6,6,8,4
Behaviour module comparison,Rules only,105,45.0,83.11504800923423,38.11504800923423,64.56345029919125,5,Got worse,6,6,8,4
Behaviour module comparison,Rules only,106,45.0,85.52419287363746,40.52419287363746,64.52054602830127,7,Got worse,6,6,8,4
Behaviour module comparison,Rules only,107,45.0,80.70930245828508,35.70930245828508,63.28506328513965,5,Got worse,6,6,8,4
Behaviour module comparison,Rules only,108,45.0,84.90209268900213,39.90209268900213,64.69725737326833,5,Got worse,6,6,8,4
Behaviour module comparison,Rules only,109,45.0,85.68765891423426,40.68765891423426,64.96724724962603,6,Got worse,6,6,8,4
Behaviour module comparison,Rules only,110,45.0,86.55499788715008,41.55499788715008,64.9054717421542,6,Got worse,6,6,8,4
Behaviour module comparison,Rules only,111,45.0,81.22829931360195,36.22829931360195,62.48005309529945,6,Got worse,6,6,8,4
Behaviour module comparison,Rules only,112,45.0,89.97050554244012,44.97050554244012,65.85934623946562,6,Got worse,6,6,8,4
Behaviour module comparison,Rules only,113,45.0,82.59670756143736,37.596707561437356,64.55093435889701,5,Got worse,6,6,8,4
Behaviour module comparison,Rules only,114,45.0,80.72457545488406,35.72457545488406,61.75664052912629,5,Got worse,6,6,8,4
Behaviour module comparison,Rules only,115,45.0,83.74281413349357,38.74281413349357,64.85704749211894,6,Got worse,6,6,8,4
Behaviour module comparison,Rules only,116,45.0,81.89754587685243,36.89754587685243,63.057993107394736,5,Got worse,6,6,8,4
Behaviour module comparison,Rules only,117,45.0,80.62210322177178,35.62210322177178,61.482361557061694,5,Got worse,6,6,8,4
Behaviour module comparison,Rules only,118,45.0,85.78134369901544,40.78134369901544,64.53272575561047,6,Got worse,6,6,8,4
Behaviour module comparison,Rules only,119,45.0,82.01939781871027,37.019397818710274,63.12341918723353,5,Got worse,6,6,8,4
Behaviour module comparison,Rules only,120,45.0,82.6415052099171,37.6415052099171,63.36652735515096,4,Got worse,6,6,8,4
Behaviour module comparison,Rules only,121,45.0,82.62186795471352,37.62186795471352,63.67516637829519,5,Got worse,6,6,8,4
Behaviour module comparison,Rules only,122,45.0,81.14566704419329,36.14566704419329,61.80260095034144,6,Got worse,6,6,8,4
Behaviour module comparison,Rules only,123,45.0,85.9287467911533,40.9287467911533,65.40311366568213,6,Got worse,6,6,8,4
Behaviour module comparison,Rules only,124,45.0,83.03626912603619,38.03626912603619,63.52997951586662,5,Got worse,6,6,8,4
Behaviour module comparison,Rules only,125,45.0,80.44338258730829,35.44338258730829,63.21339805979227,5,Got worse,6,6,8,4
Behaviour module comparison,Rules only,126,45.0,86.88110267209113,41.88110267209113,64.87081944255316,6,Got worse,6,6,8,4
Behaviour module comparison,Rules only,127,45.0,80.05143461477462,35.05143461477462,62.42968511675861,5,Got worse,6,6,8,4
Behaviour module comparison,Rules only,128,45.0,82.35904936719787,37.35904936719787,64.02251573242508,5,Got worse,6,6,8,4
Behaviour module comparison,Rules only,129,45.0,86.67464723249083,41.67464723249083,65.06605180453599,6,Got worse,6,6,8,4
Behaviour module comparison,Rules only,130,45.0,84.12454096911657,39.124540969116566,65.13565498343617,5,Got worse,6,6,8,4
Behaviour module comparison,Rules only,131,45.0,81.3302926683888,36.33029266838879,63.06607437944547,5,Got worse,6,6,8,4
Behaviour module comparison,Rules only,132,45.0,81.09497112183246,36.09497112183246,63.11054273395267,6,Got worse,6,6,8,4
Behaviour module comparison,Rules only,133,45.0,88.98932108138973,43.98932108138973,65.75419025195859,6,Got worse,6,6,8,4
Behaviour module comparison,Rules only,134,45.0,84.4422465300125,39.4422465300125,62.6684544517959,6,Got worse,6,6,8,4
Behaviour module comparison,Rules only,135,45.0,84.3068616335742,39.3068616335742,65.46295456646432,6,Got worse,6,6,8,4
Behaviour module comparison,Rules only,136,45.0,82.13569590970441,37.13569590970441,62.95585090763851,6,Got worse,6,6,8,4
Behaviour module comparison,Rules only,137,45.0,82.16888768537751,37.16888768537751,63.59492515110537,5,Got worse,6,6,8,4
Behaviour module comparison,Rules only,138,45.0,89.79280921895305,44.79280921895305,66.97972953472731,6,Got worse,6,6,8,4
Behaviour module comparison,Rules only,139,45.0,81.759814301238,36.759814301237995,63.984568396753396,5,Got worse,6,6,8,4
Behaviour module comparison,Social influence only,100,45.0,86.71915376613333,41.71915376613333,64.65550539448057,6,Got worse,6,6,8,4
Behaviour module comparison,Social influence only,101,45.0,84.52143450585648,39.521434505856476,65.73615276864065,5,Got worse,6,6,8,4
Behaviour module comparison,Social influence only,102,45.0,84.87577844645206,39.87577844645206,64.75869508360408,6,Got worse,6,6,8,4
Behaviour module comparison,Social influence only,103,45.0,81.06606171184703,36.06606171184703,64.10195226854232,5,Got worse,6,6,8,4
Behaviour module comparison,Social influence only,104,45.0,81.78635020862879,36.78635020862879,63.74185749299357,5,Got worse,6,6,8,4
Behaviour module comparison,Social influence only,105,45.0,82.05986673739174,37.059866737391744,64.03731838689315,5,Got worse,6,6,8,4
Behaviour module comparison,Social influence only,106,45.0,85.52419287363746,40.52419287363746,64.52054602830127,7,Got worse,6,6,8,4
Behaviour module comparison,Social influence only,107,45.0,82.86326490488554,37.86326490488554,64.56154630705295,5,Got worse,6,6,8,4
Behaviour module comparison,Social influence only,108,45.0,83.84472337096987,38.844723370969874,64.17090879187366,5,Got worse,6,6,8,4
Behaviour module comparison,Social influence only,109,45.0,80.53443608862543,35.53443608862543,62.541928694075956,5,Got worse,6,6,8,4
Behaviour module comparison,Social influence only,110,45.0,86.55499788715008,41.55499788715008,64.9054717421542,6,Got worse,6,6,8,4
Behaviour module comparison,Social influence only,111,45.0,81.22829931360195,36.22829931360195,62.48005309529945,6,Got worse,6,6,8,4
Behaviour module comparison,Social influence only,112,45.0,88.88952208535005,43.88952208535005,65.7049200313099,6,Got worse,6,6,8,4
Behaviour module comparison,Social influence only,113,45.0,81.53654974109023,36.53654974109023,64.02290128803793,5,Got worse,6,6,8,4
Behaviour module comparison,Social influence only,114,45.0,80.72457545488406,35.72457545488406,61.75664052912629,5,Got worse,6,6,8,4
Behaviour module comparison,Social influence only,115,45.0,84.82330085951149,39.82330085951149,65.01140273869294,6,Got worse,6,6,8,4
Behaviour module comparison,Social influence only,116,45.0,81.89754587685243,36.89754587685243,63.057993107394736,5,Got worse,6,6,8,4
Behaviour module comparison,Social influence only,117,45.0,80.14987602244895,35.14987602244895,61.148448690507884,5,Got worse,6,6,8,4
Behaviour module comparison,Social influence only,118,45.0,87.89162468801568,42.89162468801568,64.62362120016334,6,Got worse,6,6,8,4
Behaviour module comparison,Social influence only,119,45.0,82.01939781871027,37.019397818710274,63.12341918723353,5,Got worse,6,6,8,4
Behaviour module comparison,Social influence only,120,45.0,81.57682522065456,36.576825220654555,62.94311096403402,4,Got worse,6,6,8,4
Behaviour module comparison,Social influence only,121,45.0,84.74260960070319,39.74260960070319,64.17406937444176,5,Got worse,6,6,8,4
Behaviour module comparison,Social influence only,122,45.0,81.14566704419329,36.14566704419329,61.80260095034144,6,Got worse,6,6,8,4
Behaviour module comparison,Social influence only,123,45.0,84.84981824281121,39.84981824281121,65.24898101591897,6,Got worse,6,6,8,4
Behaviour module comparison,Social influence only,124,45.0,86.13973006353618,41.13973006353618,65.07230981100552,5,Got worse,6,6,8,4
Behaviour module comparison,Social influence only,125,45.0,80.44338258730829,35.44338258730829,63.21339805979227,5,Got worse,6,6,8,4
Behaviour module comparison,Social influence only,126,45.0,86.88110267209113,41.88110267209113,64.87081944255316,6,Got worse,6,6,8,4
Behaviour module comparison,Social influence only,127,45.0,80.32936559657362,35.32936559657362,62.613064894354544,5,Got worse,6,6,8,4
Behaviour module comparison,Social influence only,128,45.0,81.30296315223123,36.30296315223123,63.495642155633846,5,Got worse,6,6,8,4
Behaviour module comparison,Social influence only,129,45.0,86.67464723249083,41.67464723249083,65.06605180453599,6,Got worse,6,6,8,4
Behaviour module comparison,Social influence only,130,45.0,84.12454096911657,39.124540969116566,65.13565498343617,5,Got worse,6,6,8,4
Behaviour module comparison,Social influence only,131,45.0,82.87065425351344,37.870654253513436,63.75017321883098,5,Got worse,6,6,8,4
Behaviour module comparison,Social influence only,132,45.0,81.3977093643715,36.397709364371494,63.19682420890516,6,Got worse,6,6,8,4
Behaviour module comparison,Social influence only,133,45.0,80.16488987975836,35.16488987975836,62.750251355674344,5,Got worse,6,6,8,4
Behaviour module comparison,Social influence only,134,45.0,83.3775473598841,38.377547359884105,62.36476000412283,6,Got worse,6,6,8,4
Behaviour module comparison,Social influence only,135,45.0,80.98015577759189,35.98015577759189,62.50077664868375,5,Got worse,6,6,8,4
Behaviour module comparison,Social influence only,136,45.0,80.00816867487295,35.00816867487295,62.19925941958996,6,Got worse,6,6,8,4
Behaviour module comparison,Social influence only,137,45.0,80.05332096060246,35.05332096060246,62.5465095902127,5,Got worse,6,6,8,4
Behaviour module comparison,Social influence only,138,45.0,81.91599467221829,36.91599467221829,64.27880912400214,5,Got worse,6,6,8,4
Behaviour module comparison,Social influence only,139,45.0,81.759814301238,36.759814301237995,63.984568396753396,5,Got worse,6,6,8,4
Behaviour module comparison,Learning only,100,45.0,80.91021914130698,35.91021914130698,61.739834397951036,5,Got worse,6,6,8,4
Behaviour module comparison,Learning only,101,45.0,88.37629405424678,43.376294054246785,66.96710382292015,5,Got worse,6,6,8,4
Behaviour module comparison,Learning only,102,45.0,85.91601118530538,40.91601118530538,65.6196307731494,5,Got worse,6,6,8,4
Behaviour module comparison,Learning only,103,45.0,80.09506730398327,35.09506730398327,62.2111043044653,4,Got worse,6,6,8,4
Behaviour module comparison,Learning only,104,45.0,86.44325957671153,41.443259576711526,65.15771867451242,5,Got worse,6,6,8,4
Behaviour module comparison,Learning only,105,45.0,84.24597437329936,39.24597437329936,64.0412629625712,5,Got worse,6,6,8,4
Behaviour module comparison,Learning only,106,45.0,88.69954296319072,43.69954296319072,64.47895730211849,5,Got worse,6,6,8,4
Behaviour module comparison,Learning only,107,45.0,82.42895302840675,37.42895302840675,64.4747310195344,5,Got worse,6,6,8,4
Behaviour module comparison,Learning only,108,45.0,87.08165190749676,42.08165190749676,64.94773435891314,5,Got worse,6,6,8,4
Behaviour module comparison,Learning only,109,45.0,87.52410608968614,42.52410608968614,65.98135163589356,6,Got worse,6,6,8,4
Behaviour module comparison,Learning only,110,45.0,84.59077180236365,39.59077180236365,63.7220183359827,5,Got worse,6,6,8,4
Behaviour module comparison,Learning only,111,45.0,82.03208530246036,37.03208530246036,61.43992215680631,5,Got worse,6,6,8,4
Behaviour module comparison,Learning only,112,45.0,87.98713079766239,42.98713079766239,65.03124517535231,5,Got worse,6,6,8,4
Behaviour module comparison,Learning only,113,45.0,80.24007362796377,35.24007362796377,62.19680538476507,4,Got worse,6,6,8,4
Behaviour module comparison,Learning only,114,45.0,85.8519779574915,40.8519779574915,63.353866782990316,5,Got worse,6,6,8,4
Behaviour module comparison,Learning only,115,45.0,82.26374760529008,37.26374760529008,62.93564032364606,5,Got worse,6,6,8,4
Behaviour module comparison,Learning only,116,45.0,90.9171724582441,45.917172458244096,65.5293958633211,5,Got worse,6,6,8,4
Behaviour module comparison,Learning only,117,45.0,83.49900255171673,38.49900255171673,62.767638273410086,5,Got worse,6,6,8,4
Behaviour module comparison,Learning only,118,45.0,80.40588561963172,35.40588561963172,62.03136563269991,5,Got worse,6,6,8,4
Behaviour module comparison,Learning only,119,45.0,87.99695140274031,42.99695140274031,65.91765292221757,6,Got worse,6,6,8,4
Behaviour module comparison,Learning only,120,45.0,80.57880635660246,35.578806356602456,62.00497486753028,4,Got worse,6,6,8,4
Behaviour module comparison,Learning only,121,45.0,85.07213460670017,40.072134606700175,64.04722505596736,5,Got worse,6,6,8,4
Behaviour module comparison,Learning only,122,45.0,85.52057280709694,40.52057280709694,63.237600494088305,5,Got worse,6,6,8,4
Behaviour module comparison,Learning only,123,45.0,82.60619628429082,37.60619628429082,64.09095870095867,5,Got worse,6,6,8,4
Behaviour module comparison,Learning only,124,45.0,82.27903392496336,37.27903392496336,63.60764422998361,5,Got worse,6,6,8,4
Behaviour module comparison,Learning only,125,45.0,86.88380212538024,41.88380212538024,65.42805046346051,5,Got worse,6,6,8,4
Behaviour module comparison,Learning only,126,45.0,86.82341203621988,41.82341203621988,64.46615533204317,5,Got worse,6,6,8,4
Behaviour module comparison,Learning only,127,45.0,88.04997247278538,43.049972472785385,65.65523291736639,5,Got worse,6,6,8,4
Behaviour module comparison,Learning only,128,45.0,87.33180490779422,42.33180490779422,64.97923098274474,5,Got worse,6,6,8,4
Behaviour module comparison,Learning only,129,45.0,84.7058363897283,39.705836389728304,63.84211703031724,5,Got worse,6,6,8,4
Behaviour module comparison,Learning only,130,45.0,85.53308523142337,40.53308523142337,65.30355191417199,5,Got worse,6,6,8,4
Behaviour module comparison,Learning only,131,45.0,82.25780800124144,37.25780800124144,62.6684644964483,5,Got worse,6,6,8,4
Behaviour module comparison,Learning only,132,45.0,83.92241033322915,38.92241033322915,64.07772440546793,5,Got worse,6,6,8,4
Behaviour module comparison,Learning only,133,45.0,81.59834083629482,36.598340836294824,63.237914337790166,5,Got worse,6,6,8,4
Behaviour module comparison,Learning only,134,45.0,82.54397371569684,37.543973715696836,62.200860847663904,5,Got worse,6,6,8,4
Behaviour module comparison,Learning only,135,45.0,82.08142735385061,37.081427353850614,63.91412896820547,5,Got worse,6,6,8,4
Behaviour module comparison,Learning only,136,45.0,83.93414270133061,38.934142701330614,62.38819949326491,5,Got worse,6,6,8,4
Behaviour module comparison,Learning only,137,45.0,81.44683839493578,36.44683839493578,63.420876993620105,5,Got worse,6,6,8,4
Behaviour module comparison,Learning only,138,45.0,81.17828928805251,36.17828928805251,62.53921651741157,4,Got worse,6,6,8,4
Behaviour module comparison,Learning only,139,45.0,86.74828642504951,41.748286425049514,66.05680764469672,5,Got worse,6,6,8,4
Behaviour module comparison,Social + learning,100,45.0,82.64808165074083,37.648081650740835,62.70804904285624,5,Got worse,6,6,8,4
Behaviour module comparison,Social + learning,101,45.0,88.37629405424678,43.376294054246785,66.96710382292015,5,Got worse,6,6,8,4
Behaviour module comparison,Social + learning,102,45.0,88.82976342406377,43.82976342406377,66.83140886848186,5,Got worse,6,6,8,4
Behaviour module comparison,Social + learning,103,45.0,80.09506730398327,35.09506730398327,62.2111043044653,4,Got worse,6,6,8,4
Behaviour module comparison,Social + learning,104,45.0,86.9261502597938,41.9261502597938,65.39903010294124,5,Got worse,6,6,8,4
Behaviour module comparison,Social + learning,105,45.0,84.53428619972746,39.53428619972746,64.18517981125255,5,Got worse,6,6,8,4
Behaviour module comparison,Social + learning,106,45.0,89.2989539491649,44.2989539491649,64.67876096410988,5,Got worse,6,6,8,4
Behaviour module comparison,Social + learning,107,45.0,83.52244570071228,38.52244570071228,65.17484054714657,5,Got worse,6,6,8,4
Behaviour module comparison,Social + learning,108,45.0,86.30922352101177,41.30922352101177,64.86940303849138,5,Got worse,6,6,8,4
Behaviour module comparison,Social + learning,109,45.0,87.52410608968614,42.52410608968614,65.98135163589356,6,Got worse,6,6,8,4
Behaviour module comparison,Social + learning,110,45.0,86.15560039313566,41.15560039313566,63.85622587888915,5,Got worse,6,6,8,4
Behaviour module comparison,Social + learning,111,45.0,82.33965787843027,37.33965787843027,61.4911842528013,5,Got worse,6,6,8,4
Behaviour module comparison,Social + learning,112,45.0,89.97496156841764,44.97496156841764,65.99692953857753,5,Got worse,6,6,8,4
Behaviour module comparison,Social + learning,113,45.0,80.24007362796377,35.24007362796377,62.19680538476507,4,Got worse,6,6,8,4
Behaviour module comparison,Social + learning,114,45.0,85.09239462415817,40.092394624158175,63.22726956076809,5,Got worse,6,6,8,4
Behaviour module comparison,Social + learning,115,45.0,82.26374760529008,37.26374760529008,62.93564032364606,5,Got worse,6,6,8,4
Behaviour module comparison,Social + learning,116,45.0,90.6018681360294,45.601868136029395,65.00632793279583,5,Got worse,6,6,8,4
Behaviour module comparison,Social + learning,117,45.0,84.56061299211814,39.56061299211814,63.548192669739244,5,Got worse,6,6,8,4
Behaviour module comparison,Social + learning,118,45.0,81.94479186963173,36.94479186963173,62.54305834103325,5,Got worse,6,6,8,4
Behaviour module comparison,Social + learning,119,45.0,81.70492331075415,36.704923310754154,62.40884214576659,5,Got worse,6,6,8,4
Behaviour module comparison,Social + learning,120,45.0,91.06133042363174,46.061330423631745,66.10994199911401,5,Got worse,6,6,8,4
Behaviour module comparison,Social + learning,121,45.0,80.56636253120419,35.56636253120419,61.12865417397006,4,Got worse,6,6,8,4
Behaviour module comparison,Social + learning,122,45.0,84.4474483371646,39.4474483371646,63.05874641576625,5,Got worse,6,6,8,4
Behaviour module comparison,Social + learning,123,45.0,82.60619628429082,37.60619628429082,64.09095870095867,5,Got worse,6,6,8,4
Behaviour module comparison,Social + learning,124,45.0,83.86195876257668,38.86195876257668,64.24375831174912,5,Got worse,6,6,8,4
Behaviour module comparison,Social + learning,125,45.0,86.11924446517008,41.119244465170084,65.05001919153564,5,Got worse,6,6,8,4
Behaviour module comparison,Social + learning,126,45.0,87.87476235290285,42.87476235290285,64.99008695752117,5,Got worse,6,6,8,4
Behaviour module comparison,Social + learning,127,45.0,82.90380874542505,37.90380874542505,62.46632719577203,4,Got worse,6,6,8,4
Behaviour module comparison,Social + learning,128,45.0,81.48848514728695,36.48848514728695,62.7791707060343,4,Got worse,6,6,8,4
Behaviour module comparison,Social + learning,129,45.0,84.69383365690183,39.69383365690183,64.01690838819451,5,Got worse,6,6,8,4
Behaviour module comparison,Social + learning,130,45.0,85.8406539029663,40.840653902966295,65.40598951110019,5,Got worse,6,6,8,4
Behaviour module comparison,Social + learning,131,45.0,80.23288617841537,35.23288617841537,62.21971587916416,5,Got worse,6,6,8,4
Behaviour module comparison,Social + learning,132,45.0,83.92241033322915,38.92241033322915,64.07772440546793,5,Got worse,6,6,8,4
Behaviour module comparison,Social + learning,133,45.0,80.13673446546323,35.136734465463235,63.338558995716966,5,Got worse,6,6,8,4
Behaviour module comparison,Social + learning,134,45.0,86.34568192499584,41.345681924995844,63.09981292616115,5,Got worse,6,6,8,4
Behaviour module comparison,Social + learning,135,45.0,82.08142735385061,37.081427353850614,63.91412896820547,5,Got worse,6,6,8,4
Behaviour module comparison,Social + learning,136,45.0,83.93414270133061,38.934142701330614,62.38819949326491,5,Got worse,6,6,8,4
Behaviour module comparison,Social + learning,137,45.0,82.21850506160244,37.21850506160244,63.54948810473122,5,Got worse,6,6,8,4
Behaviour module comparison,Social + learning,138,45.0,81.17828928805251,36.17828928805251,62.53921651741157,4,Got worse,6,6,8,4
Behaviour module comparison,Social + learning,139,45.0,85.21703642504951,40.217036425049514,65.80159931136339,5,Got worse,6,6,8,4
Role mix sweep,Defenders 0% / Instigators 60%,100,45.0,86.32818715942868,41.32818715942868,64.16406581000032,4,Got worse,14,0,7,3
Role mix sweep,Defenders 0% / Instigators 60%,101,45.0,87.89525266109018,42.89525266109018,67.30012382122455,4,Got worse,14,0,7,3
Role mix sweep,Defenders 0% / Instigators 60%,102,45.0,87.23991035869672,42.23991035869672,65.93677340896217,4,Got worse,14,0,7,3
Role mix sweep,Defenders 0% / Instigators 60%,103,45.0,91.66872532515595,46.66872532515595,67.87243842902237,4,Got worse,14,0,7,3
Role mix sweep,Defenders 0% / Instigators 60%,104,45.0,89.69795725619639,44.69795725619639,66.48123866651747,4,Got worse,14,0,7,3
Role mix sweep,Defenders 0% / Instigators 60%,105,45.0,80.95429492412893,35.95429492412893,62.19625439782992,4,Got worse,14,0,7,3
Role mix sweep,Defenders 0% / Instigators 60%,106,45.0,89.88678714338731,44.88678714338731,67.19125894476494,4,Got worse,14,0,7,3
Role mix sweep,Defenders 0% / Instigators 60%,107,45.0,81.49962355269217,36.49962355269217,62.69130252576693,3,Got worse,14,0,7,3
Role mix sweep,Defenders 0% / Instigators 60%,108,45.0,85.17643667342693,40.176436673426934,64.4420699719245,4,Got worse,14,0,7,3
Role mix sweep,Defenders 0% / Instigators 60%,109,45.0,83.11714854780053,38.117148547800525,63.985482027093326,4,Got worse,14,0,7,3
Role mix sweep,Defenders 0% / Instigators 60%,110,45.0,86.22283902308972,41.22283902308972,64.84647732234778,4,Got worse,14,0,7,3
Role mix sweep,Defenders 0% / Instigators 60%,111,45.0,82.67965871205206,37.67965871205206,62.59705130683759,4,Got worse,14,0,7,3
Role mix sweep,Defenders 0% / Instigators 60%,112,45.0,88.63650488510672,43.63650488510672,64.34817662325848,4,Got worse,14,0,7,3
Role mix sweep,Defenders 0% / Instigators 60%,113,45.0,81.52395614283573,36.52395614283573,62.59020292350493,3,Got worse,14,0,7,3
Role mix sweep,Defenders 0% / Instigators 60%,114,45.0,86.91100681861204,41.91100681861204,66.57068120718735,4,Got worse,14,0,7,3
Role mix sweep,Defenders 0% / Instigators 60%,115,45.0,85.22525829280276,40.22525829280276,64.45932680446943,5,Got worse,14,0,7,3
Role mix sweep,Defenders 0% / Instigators 60%,116,45.0,87.21217292136748,42.21217292136748,66.46935884023569,4,Got worse,14,0,7,3
Role mix sweep,Defenders 0% / Instigators 60%,117,45.0,87.13971534330155,42.139715343301546,65.70519833469355,4,Got worse,14,0,7,3
Role mix sweep,Defenders 0% / Instigators 60%,118,45.0,88.74531977920842,43.745319779208415,66.23788972700483,5,Got worse,14,0,7,3
Role mix sweep,Defenders 0% / Instigators 60%,119,45.0,86.9701509795705,41.970150979570505,64.69144738393513,4,Got worse,14,0,7,3
Role mix sweep,Defenders 0% / Instigators 60%,120,45.0,80.09325641430154,35.093256414301536,61.762524320309595,3,Got worse,14,0,7,3
Role mix sweep,Defenders 0% / Instigators 60%,121,45.0,87.17001706405959,42.17001706405959,64.95942417705737,4,Got worse,14,0,7,3
Role mix sweep,Defenders 0% / Instigators 60%,122,45.0,89.27411019592611,44.27411019592611,64.93408665643273,4,Got worse,14,0,7,3
Role mix sweep,Defenders 0% / Instigators 60%,123,45.0,82.26266659610764,37.262666596107636,62.93580735266872,3,Got worse,14,0,7,3
Role mix sweep,Defenders 0% / Instigators 60%,124,45.0,84.7436673194904,39.7436673194904,63.79177825147955,4,Got worse,14,0,7,3
Role mix sweep,Defenders 0% / Instigators 60%,125,45.0,80.77042858117643,35.77042858117643,61.788171294153685,3,Got worse,14,0,7,3
Role mix sweep,Defenders 0% / Instigators 60%,126,45.0,90.13437584629425,45.13437584629425,65.77800704896698,4,Got worse,14,0,7,3
Role mix sweep,Defenders 0% / Instigators 60%,127,45.0,85.60635936652236,40.606359366522355,64.228169943831,4,Got worse,14,0,7,3
Role mix sweep,Defenders 0% / Instigators 60%,128,45.0,83.01675252461845,38.016752524618454,63.11972164385053,3,Got worse,14,0,7,3
Role mix sweep,Defenders 0% / Instigators 60%,129,45.0,88.21980710476751,43.21980710476751,64.51426675036434,4,Got worse,14,0,7,3
Role mix sweep,Defenders 0% / Instigators 60%,130,45.0,88.35779004650222,43.35779004650222,64.9709925422246,4,Got worse,14,0,7,3
Role mix sweep,Defenders 0% / Instigators 60%,131,45.0,89.52518207319247,44.52518207319247,66.62749264225734,4,Got worse,14,0,7,3
Role mix sweep,Defenders 0% / Instigators 60%,132,45.0,80.33775273561214,35.33775273561214,62.72831595516003,3,Got worse,14,0,7,3
Role mix sweep,Defenders 0% / Instigators 60%,133,45.0,80.32137760321092,35.32137760321092,61.520501316415405,4,Got worse,14,0,7,3
Role mix sweep,Defenders 0% / Instigators 60%,134,45.0,92.05725870434834,47.05725870434834,65.54102716928985,5,Got worse,14,0,7,3
Role mix sweep,Defenders 0% / Instigators 60%,135,45.0,90.68575942440833,45.68575942440833,66.22956437237931,4,Got worse,14,0,7,3
Role mix sweep,Defenders 0% / Instigators 60%,136,45.0,86.56930190012,41.569301900119996,64.37622430029005,4,Got worse,14,0,7,3
Role mix sweep,Defenders 0% / Instigators 60%,137,45.0,90.23035062414243,45.23035062414243,67.0026063742907,4,Got worse,14,0,7,3
Role mix sweep,Defenders 0% / Instigators 60%,138,45.0,81.15901948005039,36.15901948005039,63.26878600414127,4,Got worse,14,0,7,3
Role mix sweep,Defenders 0% / Instigators 60%,139,45.0,83.32817363276695,38.32817363276695,63.070761361098015,3,Got worse,14,0,7,3
Role mix sweep,Defenders 10% / Instigators 50%,100,45.0,82.00726124295218,37.00726124295218,61.430218529174866,4,Got worse,12,3,7,2
Role mix sweep,Defenders 10% / Instigators 50%,101,45.0,84.02053770884862,39.02053770884862,65.01366056688254,4,Got worse,12,3,7,2
Role mix sweep,Defenders 10% / Instigators 50%,102,45.0,85.14969478746241,40.14969478746241,64.13298115393769,4,Got worse,12,3,7,2
Role mix sweep,Defenders 10% / Instigators 50%,103,45.0,82.16466194537745,37.164661945377446,63.24975853448127,4,Got worse,12,3,7,2
Role mix sweep,Defenders 10% / Instigators 50%,104,45.0,85.96202196018692,40.96202196018692,64.16259468572403,4,Got worse,12,3,7,2
Role mix sweep,Defenders 10% / Instigators 50%,105,45.0,82.09193997937423,37.09193997937423,62.90739503495314,4,Got worse,12,3,7,2
Role mix sweep,Defenders 10% / Instigators 50%,106,45.0,83.2920502771164,38.2920502771164,63.345695460741965,4,Got worse,12,3,7,2
Role mix sweep,Defenders 10% / Instigators 50%,107,45.0,85.40922340624381,40.40922340624381,65.0837820897404,4,Got worse,12,3,7,2
Role mix sweep,Defenders 10% / Instigators 50%,108,45.0,83.42153975964175,38.421539759641746,63.922905794917895,4,Got worse,12,3,7,2
Role mix sweep,Defenders 10% / Instigators 50%,109,45.0,82.22286732992525,37.22286732992525,63.33826017849342,5,Got worse,12,3,7,2
Role mix sweep,Defenders 10% / Instigators 50%,110,45.0,87.92533517243591,42.92533517243591,65.31909670994388,4,Got worse,12,3,7,2
Role mix sweep,Defenders 10% / Instigators 50%,111,45.0,90.27037119161893,45.270371191618935,66.51465774086782,5,Got worse,12,3,7,2
Role mix sweep,Defenders 10% / Instigators 50%,112,45.0,85.58972666296555,40.589726662965546,63.584487645496914,4,Got worse,12,3,7,2
Role mix sweep,Defenders 10% / Instigators 50%,113,45.0,92.22928718450572,47.22928718450572,68.33438358914492,4,Got worse,12,3,7,2
Role mix sweep,Defenders 10% / Instigators 50%,114,45.0,82.04770505102135,37.04770505102135,64.38829125758,4,Got worse,12,3,7,2
Role mix sweep,Defenders 10% / Instigators 50%,115,45.0,88.42898190061871,43.42898190061871,65.21652181399493,5,Got worse,12,3,7,2
Role mix sweep,Defenders 10% / Instigators 50%,116,45.0,82.87541667136747,37.875416671367475,63.76563842356902,4,Got worse,12,3,7,2
Role mix sweep,Defenders 10% / Instigators 50%,117,45.0,82.73422128363227,37.734221283632266,63.73100765594451,4,Got worse,12,3,7,2
Role mix sweep,Defenders 10% / Instigators 50%,118,45.0,86.22941760146273,41.22941760146273,64.93747681803858,5,Got worse,12,3,7,2
Role mix sweep,Defenders 10% / Instigators 50%,119,45.0,83.90704744349807,38.90704744349807,63.551840459760456,4,Got worse,12,3,7,2
Role mix sweep,Defenders 10% / Instigators 50%,120,45.0,80.21208130499389,35.21208130499389,61.13817729557329,4,Got worse,12,3,7,2
Role mix sweep,Defenders 10% / Instigators 50%,121,45.0,85.46814386399427,40.46814386399427,64.06211394906083,4,Got worse,12,3,7,2
Role mix sweep,Defenders 10% / Instigators 50%,122,45.0,85.17025876178546,40.17025876178546,63.835518857500176,4,Got worse,12,3,7,2
Role mix sweep,Defenders 10% / Instigators 50%,123,45.0,82.0822688693165,37.08226886931649,64.08629633098329,4,Got worse,12,3,7,2
Role mix sweep,Defenders 10% / Instigators 50%,124,45.0,84.28869783476358,39.28869783476358,63.694140691825666,4,Got worse,12,3,7,2
Role mix sweep,Defenders 10% / Instigators 50%,125,45.0,83.2770818823157,38.2770818823157,65.59082078841237,4,Got worse,12,3,7,2
Role mix sweep,Defenders 10% / Instigators 50%,126,45.0,86.63943542213909,41.63943542213909,64.56219307569435,4,Got worse,12,3,7,2
Role mix sweep,Defenders 10% / Instigators 50%,127,45.0,80.6925666412872,35.6925666412872,62.47060421930091,4,Got worse,12,3,7,2
Role mix sweep,Defenders 10% / Instigators 50%,128,45.0,88.39581059169535,43.39581059169535,66.64317619271074,4,Got worse,12,3,7,2
Role mix sweep,Defenders 10% / Instigators 50%,129,45.0,86.3710541962669,41.3710541962669,63.6641501337579,4,Got worse,12,3,7,2
Role mix sweep,Defenders 10% / Instigators 50%,130,45.0,85.44165190602092,40.44165190602092,63.355796373058865,4,Got worse,12,3,7,2
Role mix sweep,Defenders 10% / Instigators 50%,131,45.0,88.74123319792572,43.74123319792572,66.82786006125505,4,Got worse,12,3,7,2
Role mix sweep,Defenders 10% / Instigators 50%,132,45.0,84.58867096656627,39.58867096656627,64.87992453375223,4,Got worse,12,3,7,2
Role mix sweep,Defenders 10% / Instigators 50%,133,45.0,83.51966551163243,38.519665511632425,63.58674169646584,5,Got worse,12,3,7,2
Role mix sweep,Defenders 10% / Instigators 50%,134,45.0,84.27753885480885,39.27753885480885,63.46474645212186,5,Got worse,12,3,7,2
Role mix sweep,Defenders 10% / Instigators 50%,135,45.0,81.31212703805666,36.31212703805666,63.574574309353714,4,Got worse,12,3,7,2
Role mix sweep,Defenders 10% / Instigators 50%,136,45.0,82.78548386020088,37.785483860200884,63.56686854045972,4,Got worse,12,3,7,2
Role mix sweep,Defenders 10% / Instigators 50%,137,45.0,85.92992848908756,40.92992848908756,64.60579278061306,4,Got worse,12,3,7,2
Role mix sweep,Defenders 10% / Instigators 50%,138,45.0,87.39306888800311,42.393068888003114,66.48227664505926,5,Got worse,12,3,7,2
Role mix sweep,Defenders 10% / Instigators 50%,139,45.0,88.36408184440074,43.364081844400744,65.33306142682963,4,Got worse,12,3,7,2
Role mix sweep,Defenders 20% / Instigators 40%,100,45.0,86.44751007623505,41.44751007623505,63.971235757172714,5,Got worse,10,5,7,2
Role mix sweep,Defenders 20% / Instigators 40%,101,45.0,82.01193190671147,37.01193190671147,63.99739773978845,4,Got worse,10,5,7,2
Role mix sweep,Defenders 20% / Instigators 40%,102,45.0,82.4814815693118,37.481481569311796,62.98632809364089,4,Got worse,10,5,7,2
Role mix sweep,Defenders 20% / Instigators 40%,103,45.0,87.31009614845514,42.310096148455145,65.65712617077845,5,Got worse,10,5,7,2
Role mix sweep,Defenders 20% / Instigators 40%,104,45.0,84.83560026957424,39.83560026957424,63.585007506770786,4,Got worse,10,5,7,2
Role mix sweep,Defenders 20% / Instigators 40%,105,45.0,90.26574183613123,45.26574183613123,65.84737194659496,5,Got worse,10,5,7,2
Role mix sweep,Defenders 20% / Instigators 40%,106,45.0,82.82931479583961,37.82931479583961,63.253148364486606,4,Got worse,10,5,7,2
Role mix sweep,Defenders 20% / Instigators 40%,107,45.0,82.01560389419193,37.015603894191926,62.214504626991506,4,Got worse,10,5,7,2
Role mix sweep,Defenders 20% / Instigators 40%,108,45.0,83.2368063630959,38.236806363095894,62.656500782275394,4,Got worse,10,5,7,2
Role mix sweep,Defenders 20% / Instigators 40%,109,45.0,83.76433842367527,38.76433842367527,64.36377658474343,5,Got worse,10,5,7,2
Role mix sweep,Defenders 20% / Instigators 40%,110,45.0,83.52304501749873,38.52304501749873,62.13596159562312,4,Got worse,10,5,7,2
Role mix sweep,Defenders 20% / Instigators 40%,111,45.0,84.70616369357629,39.706163693576286,63.337810635728594,5,Got worse,10,5,7,2
Role mix sweep,Defenders 20% / Instigators 40%,112,45.0,82.06600762578185,37.06600762578185,62.65609555274811,4,Got worse,10,5,7,2
Role mix sweep,Defenders 20% / Instigators 40%,113,45.0,88.86352737745734,43.863527377457345,66.48607350955396,4,Got worse,10,5,7,2
Role mix sweep,Defenders 20% / Instigators 40%,114,45.0,89.21590931435645,44.21590931435645,66.51869350773012,5,Got worse,10,5,7,2
Role mix sweep,Defenders 20% / Instigators 40%,115,45.0,85.67185795718773,40.671857957187726,64.80756010651952,5,Got worse,10,5,7,2
Role mix sweep,Defenders 20% / Instigators 40%,116,45.0,90.25598033241887,45.25598033241887,66.93989604507968,5,Got worse,10,5,7,2
Role mix sweep,Defenders 20% / Instigators 40%,117,45.0,91.39436149951644,46.394361499516435,66.41563253905439,5,Got worse,10,5,7,2
Role mix sweep,Defenders 20% / Instigators 40%,118,45.0,85.6212751295491,40.621275129549105,64.49734200534579,5,Got worse,10,5,7,2
Role mix sweep,Defenders 20% / Instigators 40%,119,45.0,87.2784761239314,42.2784761239314,65.05303103896823,5,Got worse,10,5,7,2
Role mix sweep,Defenders 20% / Instigators 40%,120,45.0,80.93740771926639,35.93740771926639,61.08781217096682,4,Got worse,10,5,7,2
Role mix sweep,Defenders 20% / Instigators 40%,121,45.0,83.1408812431424,38.1408812431424,64.16608710288622,4,Got worse,10,5,7,2
Role mix sweep,Defenders 20% / Instigators 40%,122,45.0,85.24648924124227,40.24648924124227,63.454023599251705,4,Got worse,10,5,7,2
Role mix sweep,Defenders 20% / Instigators 40%,123,45.0,82.40816014229542,37.408160142295415,64.22687367994325,4,Got worse,10,5,7,2
Role mix sweep,Defenders 20% / Instigators 40%,124,45.0,83.81812548276584,38.818125482765836,62.679234554759454,4,Got worse,10,5,7,2
Role mix sweep,Defenders 20% / Instigators 40%,125,45.0,87.11259759212489,42.112597592124885,66.67492403106873,5,Got worse,10,5,7,2
Role mix sweep,Defenders 20% / Instigators 40%,126,45.0,81.15357183128219,36.15357183128219,61.429026301072824,4,Got worse,10,5,7,2
Role mix sweep,Defenders 20% / Instigators 40%,127,45.0,82.23949859309734,37.23949859309734,61.72367292177442,4,Got worse,10,5,7,2
Role mix sweep,Defenders 20% / Instigators 40%,128,45.0,85.58201610095459,40.58201610095459,65.46831950752554,4,Got worse,10,5,7,2
Role mix sweep,Defenders 20% / Instigators 40%,129,45.0,82.60714799491834,37.607147994918336,62.54677784012283,4,Got worse,10,5,7,2
Role mix sweep,Defenders 20% / Instigators 40%,130,45.0,90.24823253063461,45.24823253063461,64.88537187467091,5,Got worse,10,5,7,2
Role mix sweep,Defenders 20% / Instigators 40%,131,45.0,80.35376098974844,35.35376098974844,61.43389196936879,4,Got worse,10,5,7,2
Role mix sweep,Defenders 20% / Instigators 40%,132,45.0,80.94824142169065,35.94824142169065,63.37210649978906,4,Got worse,10,5,7,2
Role mix sweep,Defenders 20% / Instigators 40%,133,45.0,85.05091551163243,40.050915511632425,63.84195002979917,5,Got worse,10,5,7,2
Role mix sweep,Defenders 20% / Instigators 40%,134,45.0,82.83685628854366,37.83685628854366,63.49981613214851,5,Got worse,10,5,7,2
Role mix sweep,Defenders 20% / Instigators 40%,135,45.0,95.71818135215197,50.71818135215197,68.18819757131809,5,Got worse,10,5,7,2
Role mix sweep,Defenders 20% / Instigators 40%,136,45.0,86.18395487713545,41.18395487713545,64.35195786110837,5,Got worse,10,5,7,2
Role mix sweep,Defenders 20% / Instigators 40%,137,45.0,82.47665092102427,37.47665092102427,63.12218696743149,4,Got worse,10,5,7,2
Role mix sweep,Defenders 20% / Instigators 40%,138,45.0,81.82834638155522,36.82834638155522,62.687654673229204,4,Got worse,10,5,7,2
Role mix sweep,Defenders 20% / Instigators 40%,139,45.0,85.88282178467722,40.88282178467722,64.17572300848164,4,Got worse,10,5,7,2
Role mix sweep,Defenders 30% / Instigators 30%,100,45.0,83.95539958827493,38.95539958827493,61.89596556279263,5,Got worse,7,7,7,3
Role mix sweep,Defenders 30% / Instigators 30%,101,45.0,80.50029640474443,35.50029640474443,62.693588976705904,4,Got worse,7,7,7,3
Role mix sweep,Defenders 30% / Instigators 30%,102,45.0,87.10464822179075,42.104648221790754,66.07966727310303,5,Got worse,7,7,7,3
Role mix sweep,Defenders 30% / Instigators 30%,103,45.0,80.2032695320533,35.2032695320533,61.30704841903594,4,Got worse,7,7,7,3
Role mix sweep,Defenders 30% / Instigators 30%,104,45.0,81.3485684793576,36.348568479357596,61.65085589848326,4,Got worse,7,7,7,3
Role mix sweep,Defenders 30% / Instigators 30%,105,45.0,86.35453431122909,41.35453431122909,64.2923637560926,5,Got worse,7,7,7,3
Role mix sweep,Defenders 30% / Instigators 30%,106,45.0,86.63857018449337,41.638570184493375,64.28902571630586,5,Got worse,7,7,7,3
Role mix sweep,Defenders 30% / Instigators 30%,107,45.0,82.2360710897871,37.2360710897871,62.9426363294433,4,Got worse,7,7,7,3
Role mix sweep,Defenders 30% / Instigators 30%,108,45.0,89.68276931870754,44.68276931870754,66.13971612075598,5,Got worse,7,7,7,3
Role mix sweep,Defenders 30% / Instigators 30%,109,45.0,87.3819233194572,42.3819233194572,65.31196933845992,6,Got worse,7,7,7,3
Role mix sweep,Defenders 30% / Instigators 30%,110,45.0,86.43423938753966,41.43423938753966,63.48547607797844,5,Got worse,7,7,7,3
Role mix sweep,Defenders 30% / Instigators 30%,111,45.0,86.07244310421409,41.07244310421409,62.79087008013381,5,Got worse,7,7,7,3
Role mix sweep,Defenders 30% / Instigators 30%,112,45.0,87.97649830799952,42.97649830799952,65.20482095177151,5,Got worse,7,7,7,3
Role mix sweep,Defenders 30% / Instigators 30%,113,45.0,81.00651230192523,36.00651230192523,62.05000437012344,4,Got worse,7,7,7,3
Role mix sweep,Defenders 30% / Instigators 30%,114,45.0,89.0870020466095,44.0870020466095,64.97239589987109,5,Got worse,7,7,7,3
Role mix sweep,Defenders 30% / Instigators 30%,115,45.0,86.56106391659453,41.561063916594534,63.79472333788603,5,Got worse,7,7,7,3
Role mix sweep,Defenders 30% / Instigators 30%,116,45.0,88.46407888303935,43.46407888303935,65.66087338938081,5,Got worse,7,7,7,3
Role mix sweep,Defenders 30% / Instigators 30%,117,45.0,85.91331313926108,40.91331313926108,63.922099187084505,5,Got worse,7,7,7,3
Role mix sweep,Defenders 30% / Instigators 30%,118,45.0,82.18333878524948,37.183338785249475,62.16935797858384,5,Got worse,7,7,7,3
Role mix sweep,Defenders 30% / Instigators 30%,119,45.0,85.36248711223003,40.36248711223003,63.71535884391455,5,Got worse,7,7,7,3
Role mix sweep,Defenders 30% / Instigators 30%,120,45.0,81.6253218382522,36.625321838252205,62.321369107760276,4,Got worse,7,7,7,3
Role mix sweep,Defenders 30% / Instigators 30%,121,45.0,83.47778594129397,38.47778594129397,62.67989009072277,5,Got worse,7,7,7,3
Role mix sweep,Defenders 30% / Instigators 30%,122,45.0,87.94365723384193,42.94365723384193,64.21670457837318,5,Got worse,7,7,7,3
Role mix sweep,Defenders 30% / Instigators 30%,123,45.0,87.18554836290737,42.18554836290737,66.2473072405884,5,Got worse,7,7,7,3
Role mix sweep,Defenders 30% / Instigators 30%,124,45.0,91.15729191257242,46.15729191257242,65.22790969859709,5,Got worse,7,7,7,3
Role mix sweep,Defenders 30% / Instigators 30%,125,45.0,89.97410608120282,44.97410608120282,65.97784448801018,5,Got worse,7,7,7,3
Role mix sweep,Defenders 30% / Instigators 30%,126,45.0,81.22198206478636,36.22198206478636,62.2410501965735,4,Got worse,7,7,7,3
Role mix sweep,Defenders 30% / Instigators 30%,127,45.0,82.93540158728521,37.93540158728521,61.90740990969232,4,Got worse,7,7,7,3
Role mix sweep,Defenders 30% / Instigators 30%,128,45.0,82.868892094413,37.868892094413,65.72375615034821,5,Got worse,7,7,7,3
Role mix sweep,Defenders 30% / Instigators 30%,129,45.0,86.10269299605481,41.10269299605481,64.17260979580635,5,Got worse,7,7,7,3
Role mix sweep,Defenders 30% / Instigators 30%,130,45.0,86.74364467345423,41.74364467345423,64.14377235276741,5,Got worse,7,7,7,3
Role mix sweep,Defenders 30% / Instigators 30%,131,45.0,90.99577818578973,45.99577818578973,65.68212366316183,6,Got worse,7,7,7,3
Role mix sweep,Defenders 30% / Instigators 30%,132,45.0,87.47362723389834,42.47362723389834,65.52129116559202,5,Got worse,7,7,7,3
Role mix sweep,Defenders 30% / Instigators 30%,133,45.0,80.18111857352386,35.18111857352386,63.193535983823715,5,Got worse,7,7,7,3
Role mix sweep,Defenders 30% / Instigators 30%,134,45.0,90.1384000479285,45.1384000479285,64.92756999176213,5,Got worse,7,7,7,3
Role mix sweep,Defenders 30% / Instigators 30%,135,45.0,89.82047844108001,44.82047844108001,65.02233782698022,5,Got worse,7,7,7,3
Role mix sweep,Defenders 30% / Instigators 30%,136,45.0,84.72017108604074,39.720171086040736,63.21610972359639,5,Got worse,7,7,7,3
Role mix sweep,Defenders 30% / Instigators 30%,137,45.0,81.42080777305672,36.42080777305672,62.527547996888224,4,Got worse,7,7,7,3
Role mix sweep,Defenders 30% / Instigators 30%,138,45.0,81.80531768981169,36.80531768981169,64.01067843557628,5,Got worse,7,7,7,3
Role mix sweep,Defenders 30% / Instigators 30%,139,45.0,83.44813528610555,38.448135286105554,62.77312435375679,5,Got worse,7,7,7,3
Role mix sweep,Defenders 40% / Instigators 20%,100,45.0,85.84718769402104,40.847187694021045,63.746732698166156,6,Got worse,5,10,7,2
Role mix sweep,Defenders 40% / Instigators 20%,101,45.0,82.84572626288377,37.84572626288377,63.11609459405426,5,Got worse,5,10,7,2
Role mix sweep,Defenders 40% / Instigators 20%,102,45.0,82.53711057179981,37.537110571799815,63.88762821692521,5,Got worse,5,10,7,2
Role mix sweep,Defenders 40% / Instigators 20%,103,45.0,87.15865004752578,42.15865004752578,67.15403704253528,5,Got worse,5,10,7,2
Role mix sweep,Defenders 40% / Instigators 20%,104,45.0,85.55700002549305,40.55700002549305,63.72840797794667,5,Got worse,5,10,7,2
Role mix sweep,Defenders 40% / Instigators 20%,105,45.0,83.08298156097942,38.08298156097942,62.94714998854848,5,Got worse,5,10,7,2
Role mix sweep,Defenders 40% / Instigators 20%,106,45.0,85.63081831588721,40.63081831588721,63.80417809479598,5,Got worse,5,10,7,2
Role mix sweep,Defenders 40% / Instigators 20%,107,45.0,90.56294175773208,45.56294175773208,66.51573835052304,5,Got worse,5,10,7,2
Role mix sweep,Defenders 40% / Instigators 20%,108,45.0,86.48311058923548,41.48311058923548,64.73010731041124,5,Got worse,5,10,7,2
Role mix sweep,Defenders 40% / Instigators 20%,109,45.0,85.27880503013498,40.278805030134976,64.70074630219752,6,Got worse,5,10,7,2
Role mix sweep,Defenders 40% / Instigators 20%,110,45.0,83.8357077437427,38.8357077437427,63.38884664685839,6,Got worse,5,10,7,2
Role mix sweep,Defenders 40% / Instigators 20%,111,45.0,82.37585340916672,37.37585340916672,61.54881908251806,5,Got worse,5,10,7,2
Role mix sweep,Defenders 40% / Instigators 20%,112,45.0,84.98127372223439,39.98127372223439,63.19193993072261,5,Got worse,5,10,7,2
Role mix sweep,Defenders 40% / Instigators 20%,113,45.0,81.5522541058658,36.5522541058658,61.86238917971632,4,Got worse,5,10,7,2
Role mix sweep,Defenders 40% / Instigators 20%,114,45.0,86.21147440930937,41.211474409309375,64.08150556294903,5,Got worse,5,10,7,2
Role mix sweep,Defenders 40% / Instigators 20%,115,45.0,87.76382659475502,42.76382659475502,63.808177761691915,5,Got worse,5,10,7,2
Role mix sweep,Defenders 40% / Instigators 20%,116,45.0,86.82344547258012,41.82344547258012,65.21146979950392,5,Got worse,5,10,7,2
Role mix sweep,Defenders 40% / Instigators 20%,117,45.0,83.05330642940554,38.05330642940554,62.917453492383906,5,Got worse,5,10,7,2
Role mix sweep,Defenders 40% / Instigators 20%,118,45.0,84.06783877667702,39.06783877667702,62.34933079472901,5,Got worse,5,10,7,2
Role mix sweep,Defenders 40% / Instigators 20%,119,45.0,81.96583010431308,36.965830104313085,62.20432558737192,5,Got worse,5,10,7,2
Role mix sweep,Defenders 40% / Instigators 20%,120,45.0,81.77722958485165,36.77722958485165,62.98651407356459,4,Got worse,5,10,7,2
Role mix sweep,Defenders 40% / Instigators 20%,121,45.0,85.22191395947468,40.221913959474676,63.7082917126001,5,Got worse,5,10,7,2
Role mix sweep,Defenders 40% / Instigators 20%,122,45.0,85.96572531810911,40.96572531810911,64.50585954106994,5,Got worse,5,10,7,2
Role mix sweep,Defenders 40% / Instigators 20%,123,45.0,85.44037155385,40.44037155385,64.51620952934397,5,Got worse,5,10,7,2
Role mix sweep,Defenders 40% / Instigators 20%,124,45.0,83.85468312164184,38.85468312164184,62.72458200126882,5,Got worse,5,10,7,2
Role mix sweep,Defenders 40% / Instigators 20%,125,45.0,83.6547847713116,38.6547847713116,65.15224711451562,5,Got worse,5,10,7,2
Role mix sweep,Defenders 40% / Instigators 20%,126,45.0,84.89574642950771,39.89574642950771,63.26999396351216,5,Got worse,5,10,7,2
Role mix sweep,Defenders 40% / Instigators 20%,127,45.0,87.54137684451217,42.54137684451217,64.84736300356259,5,Got worse,5,10,7,2
Role mix sweep,Defenders 40% / Instigators 20%,128,45.0,82.71278223824167,37.71278223824167,64.34839800448972,5,Got worse,5,10,7,2
Role mix sweep,Defenders 40% / Instigators 20%,129,45.0,83.28402255618197,38.28402255618197,62.973419989537994,5,Got worse,5,10,7,2
Role mix sweep,Defenders 40% / Instigators 20%,130,45.0,85.09962420034128,40.09962420034128,62.15374213343228,5,Got worse,5,10,7,2
Role mix sweep,Defenders 40% / Instigators 20%,131,45.0,89.21562524109007,44.215625241090066,64.75945124940134,6,Got worse,5,10,7,2
Role mix sweep,Defenders 40% / Instigators 20%,132,45.0,81.07454662901581,36.07454662901581,61.99709476779103,5,Got worse,5,10,7,2
Role mix sweep,Defenders 40% / Instigators 20%,133,45.0,88.1451737291933,43.1451737291933,65.46502495974946,6,Got worse,5,10,7,2
Role mix sweep,Defenders 40% / Instigators 20%,134,45.0,85.88150207884645,40.88150207884645,63.43990219533985,5,Got worse,5,10,7,2
Role mix sweep,Defenders 40% / Instigators 20%,135,45.0,86.85393865741956,41.85393865741956,63.63571059785025,5,Got worse,5,10,7,2
Role mix sweep,Defenders 40% / Instigators 20%,136,45.0,81.8723417744076,36.8723417744076,62.185026773003166,5,Got worse,5,10,7,2
Role mix sweep,Defenders 40% / Instigators 20%,137,45.0,84.77492656540448,39.774926565404485,64.57597858730503,5,Got worse,5,10,7,2
Role mix sweep,Defenders 40% / Instigators 20%,138,45.0,86.48647647476123,41.48647647476123,64.74303589558484,6,Got worse,5,10,7,2
Role mix sweep,Defenders 40% / Instigators 20%,139,45.0,84.94131365675814,39.94131365675814,64.59621271737849,5,Got worse,5,10,7,2
Role mix sweep,Defenders 50% / Instigators 10%,100,45.0,86.93757028763352,41.93757028763352,64.14037615039875,6,Got worse,3,12,7,2
Role mix sweep,Defenders 50% / Instigators 10%,101,45.0,88.30751531274495,43.307515312744954,65.76929799600806,6,Got worse,3,12,7,2
Role mix sweep,Defenders 50% / Instigators 10%,102,45.0,82.03837499445983,37.03837499445983,63.51437499781189,5,Got worse,3,12,7,2
Role mix sweep,Defenders 50% / Instigators 10%,103,45.0,83.22704490232667,38.22704490232667,64.74651884815218,5,Got worse,3,12,7,2
Role mix sweep,Defenders 50% / Instigators 10%,104,45.0,80.97679112471938,35.976791124719384,61.47950899228891,5,Got worse,3,12,7,2
Role mix sweep,Defenders 50% / Instigators 10%,105,45.0,87.20339643731572,42.20339643731572,65.30633742948619,6,Got worse,3,12,7,2
Role mix sweep,Defenders 50% / Instigators 10%,106,45.0,80.17368501495109,35.17368501495109,62.72125988822509,5,Got worse,3,12,7,2
Role mix sweep,Defenders 50% / Instigators 10%,107,45.0,88.0866170015279,43.0866170015279,64.42792485382888,5,Got worse,3,12,7,2
Role mix sweep,Defenders 50% / Instigators 10%,108,45.0,84.83254772435895,39.832547724358946,63.26706226880413,5,Got worse,3,12,7,2
Role mix sweep,Defenders 50% / Instigators 10%,109,45.0,82.04035347986625,37.040353479866255,62.288342697137544,5,Got worse,3,12,7,2
Role mix sweep,Defenders 50% / Instigators 10%,110,45.0,83.73334023237051,38.73334023237051,62.049055868438785,5,Got worse,3,12,7,2
Role mix sweep,Defenders 50% / Instigators 10%,111,45.0,82.03809724712839,37.03809724712839,62.26237105957117,5,Got worse,3,12,7,2
Role mix sweep,Defenders 50% / Instigators 10%,112,45.0,82.99184876837373,37.99184876837373,62.59890399445933,5,Got worse,3,12,7,2
Role mix sweep,Defenders 50% / Instigators 10%,113,45.0,81.31492457440096,36.31492457440096,63.13710423331667,5,Got worse,3,12,7,2
Role mix sweep,Defenders 50% / Instigators 10%,114,45.0,81.9536161598296,36.95361615982959,61.354872618098234,5,Got worse,3,12,7,2
Role mix sweep,Defenders 50% / Instigators 10%,115,45.0,84.57169852077084,39.57169852077084,63.384609386090354,5,Got worse,3,12,7,2
Role mix sweep,Defenders 50% / Instigators 10%,116,45.0,81.63870152996817,36.63870152996817,62.406104520136324,5,Got worse,3,12,7,2
Role mix sweep,Defenders 50% / Instigators 10%,117,45.0,81.50155028376705,36.501550283767045,61.63074762648273,5,Got worse,3,12,7,2
Role mix sweep,Defenders 50% / Instigators 10%,118,45.0,89.42271595858686,44.42271595858686,65.1186271723138,6,Got worse,3,12,7,2
Role mix sweep,Defenders 50% / Instigators 10%,119,45.0,87.66838140410881,42.668381404108814,65.18213455803763,6,Got worse,3,12,7,2
Role mix sweep,Defenders 50% / Instigators 10%,120,45.0,80.85214085755209,35.85214085755209,62.801496328104676,4,Got worse,3,12,7,2
Role mix sweep,Defenders 50% / Instigators 10%,121,45.0,85.29459843002303,40.29459843002303,63.05747826524395,5,Got worse,3,12,7,2
Role mix sweep,Defenders 50% / Instigators 10%,122,45.0,80.20327880648748,35.203278806487475,60.62898543088047,5,Got worse,3,12,7,2
Role mix sweep,Defenders 50% / Instigators 10%,123,45.0,84.14432012455832,39.14432012455832,64.02018490378065,6,Got worse,3,12,7,2
Role mix sweep,Defenders 50% / Instigators 10%,124,45.0,82.1854201046333,37.185420104633295,64.33240371297747,6,Got worse,3,12,7,2
Role mix sweep,Defenders 50% / Instigators 10%,125,45.0,87.65248392697626,42.65248392697626,65.61531703654215,5,Got worse,3,12,7,2
Role mix sweep,Defenders 50% / Instigators 10%,126,45.0,85.60508895676195,40.605088956761946,63.6806738016165,5,Got worse,3,12,7,2
Role mix sweep,Defenders 50% / Instigators 10%,127,45.0,82.04704745681212,37.04704745681212,63.680719699628035,5,Got worse,3,12,7,2
Role mix sweep,Defenders 50% / Instigators 10%,128,45.0,81.90037121591368,36.90037121591368,63.52022283381524,5,Got worse,3,12,7,2
Role mix sweep,Defenders 50% / Instigators 10%,129,45.0,81.9366615734359,36.9366615734359,62.60675887460252,5,Got worse,3,12,7,2
Role mix sweep,Defenders 50% / Instigators 10%,130,45.0,81.13354248458839,36.13354248458839,63.38383250207518,6,Got worse,3,12,7,2
Role mix sweep,Defenders 50% / Instigators 10%,131,45.0,84.58779874285521,39.58779874285521,63.57745327493949,6,Got worse,3,12,7,2
Role mix sweep,Defenders 50% / Instigators 10%,132,45.0,80.59441854916187,35.59441854916187,61.83185345930938,5,Got worse,3,12,7,2
Role mix sweep,Defenders 50% / Instigators 10%,133,45.0,81.8975788689226,36.897578868922594,63.91690968948593,5,Got worse,3,12,7,2
Role mix sweep,Defenders 50% / Instigators 10%,134,45.0,92.22500288192195,47.22500288192195,64.47424073772575,6,Got worse,3,12,7,2
Role mix sweep,Defenders 50% / Instigators 10%,135,45.0,87.50515486321419,42.50515486321419,65.17718692349955,6,Got worse,3,12,7,2
Role mix sweep,Defenders 50% / Instigators 10%,136,45.0,87.11962495163488,42.119624951634876,64.4360281115441,6,Got worse,3,12,7,2
Role mix sweep,Defenders 50% / Instigators 10%,137,45.0,80.88720941236437,35.88720941236437,62.49352776561742,6,Got worse,3,12,7,2
Role mix sweep,Defenders 50% / Instigators 10%,138,45.0,82.98248179703859,37.98248179703859,61.98821038696859,6,Got worse,3,12,7,2
Role mix sweep,Defenders 50% / Instigators 10%,139,45.0,88.03220791697208,43.032207916972084,64.98709884772326,6,Got worse,3,12,7,2
Role mix sweep,Defenders 60% / Instigators 0%,100,45.0,83.49432179924041,38.49432179924041,62.72565554438656,6,Got worse,0,14,7,3
Role mix sweep,Defenders 60% / Instigators 0%,101,45.0,87.47263947776956,42.47263947776956,65.49184883501638,6,Got worse,0,14,7,3
Role mix sweep,Defenders 60% / Instigators 0%,102,45.0,84.53318863233193,39.53318863233193,65.46579246087848,6,Got worse,0,14,7,3
Role mix sweep,Defenders 60% / Instigators 0%,103,45.0,81.81080492451886,36.81080492451886,62.09959391915244,7,Got worse,0,14,7,3
Role mix sweep,Defenders 60% / Instigators 0%,104,45.0,87.49016240059193,42.49016240059193,63.96687836489302,7,Got worse,0,14,7,3
Role mix sweep,Defenders 60% / Instigators 0%,105,45.0,87.26121934999425,42.26121934999425,65.82470162155174,7,Got worse,0,14,7,3
Role mix sweep,Defenders 60% / Instigators 0%,106,45.0,81.65524667110111,36.65524667110111,64.06395743419566,6,Got worse,0,14,7,3
Role mix sweep,Defenders 60% / Instigators 0%,107,45.0,84.73306611432172,39.733066114321716,62.71094756315302,6,Got worse,0,14,7,3
Role mix sweep,Defenders 60% / Instigators 0%,108,45.0,84.84197296829319,39.84197296829319,63.902244180493874,5,Got worse,0,14,7,3
Role mix sweep,Defenders 60% / Instigators 0%,109,45.0,82.44582990081187,37.44582990081187,62.36153122135938,6,Got worse,0,14,7,3
Role mix sweep,Defenders 60% / Instigators 0%,110,45.0,85.15639608671592,40.156396086715915,63.92867196726132,7,Got worse,0,14,7,3
Role mix sweep,Defenders 60% / Instigators 0%,111,45.0,86.09753756702894,41.09753756702894,63.713100578029305,6,Got worse,0,14,7,3
Role mix sweep,Defenders 60% / Instigators 0%,112,45.0,83.23612906673037,38.23612906673037,62.56050606858387,5,Got worse,0,14,7,3
Role mix sweep,Defenders 60% / Instigators 0%,113,45.0,81.58772592129824,36.587725921298244,61.95809472001692,5,Got worse,0,14,7,3
Role mix sweep,Defenders 60% / Instigators 0%,114,45.0,81.3281853279246,36.3281853279246,61.283942950629296,6,Got worse,0,14,7,3
Role mix sweep,Defenders 60% / Instigators 0%,115,45.0,84.03246651469458,39.032466514694576,64.06100007389564,6,Got worse,0,14,7,3
Role mix sweep,Defenders 60% / Instigators 0%,116,45.0,86.87640303240964,41.87640303240964,65.21999728337745,6,Got worse,0,14,7,3
Role mix sweep,Defenders 60% / Instigators 0%,117,45.0,85.77522388110103,40.77522388110103,63.01705219311168,6,Got worse,0,14,7,3
Role mix sweep,Defenders 60% / Instigators 0%,118,45.0,88.56444469328638,43.564444693286376,65.62739098284564,6,Got worse,0,14,7,3
Role mix sweep,Defenders 60% / Instigators 0%,119,45.0,80.20139165661932,35.20139165661932,61.4510685280651,5,Got worse,0,14,7,3
Role mix sweep,Defenders 60% / Instigators 0%,120,45.0,86.06837035327291,41.06837035327291,63.90825240977017,6,Got worse,0,14,7,3
Role mix sweep,Defenders 60% / Instigators 0%,121,45.0,81.86591575828079,36.86591575828079,61.497569840945204,5,Got worse,0,14,7,3
Role mix sweep,Defenders 60% / Instigators 0%,122,45.0,83.08665384304915,38.08665384304915,63.33362308258838,6,Got worse,0,14,7,3
Role mix sweep,Defenders 60% / Instigators 0%,123,45.0,84.21969474831423,39.219694748314225,63.0544446479094,6,Got worse,0,14,7,3
Role mix sweep,Defenders 60% / Instigators 0%,124,45.0,82.44339873943066,37.44339873943066,63.862304901272644,6,Got worse,0,14,7,3
Role mix sweep,Defenders 60% / Instigators 0%,125,45.0,87.4516795430814,42.4516795430814,65.8654523482065,7,Got worse,0,14,7,3
Role mix sweep,Defenders 60% / Instigators 0%,126,45.0,85.15590841505423,40.15590841505423,62.0099007631464,6,Got worse,0,14,7,3
Role mix sweep,Defenders 60% / Instigators 0%,127,45.0,84.69607421260596,39.696074212605964,64.28428469173616,6,Got worse,0,14,7,3
Role mix sweep,Defenders 60% / Instigators 0%,128,45.0,80.91735155073891,35.917351550738914,63.06579217209474,6,Got worse,0,14,7,3
Role mix sweep,Defenders 60% / Instigators 0%,129,45.0,81.38066633611687,36.380666336116875,63.8318606421962,6,Got worse,0,14,7,3
Role mix sweep,Defenders 60% / Instigators 0%,130,45.0,84.88770059705479,39.88770059705479,63.976376660616,6,Got worse,0,14,7,3
Role mix sweep,Defenders 60% / Instigators 0%,131,45.0,84.57469001580282,39.574690015802815,64.73746581218097,7,Got worse,0,14,7,3
Role mix sweep,Defenders 60% / Instigators 0%,132,45.0,84.51666620025466,39.51666620025466,64.33917066027813,6,Got worse,0,14,7,3
Role mix sweep,Defenders 60% / Instigators 0%,133,45.0,82.87803510945423,37.87803510945423,63.595170550874386,6,Got worse,0,14,7,3
Role mix sweep,Defenders 60% / Instigators 0%,134,45.0,82.90980155706309,37.90980155706309,62.73679455610365,6,Got worse,0,14,7,3
Role mix sweep,Defenders 60% / Instigators 0%,135,45.0,82.77199014782391,37.771990147823914,63.1112359726034,6,Got worse,0,14,7,3
Role mix sweep,Defenders 60% / Instigators 0%,136,45.0,83.98884280810705,38.98884280810705,62.45144108688679,6,Got worse,0,14,7,3
Role mix sweep,Defenders 60% / Instigators 0%,137,45.0,80.2872657608071,35.2872657608071,61.70282452671406,6,Got worse,0,14,7,3
Role mix sweep,Defenders 60% / Instigators 0%,138,45.0,81.20113046841828,36.201130468418285,62.236678977832256,6,Got worse,0,14,7,3
Role mix sweep,Defenders 60% / Instigators 0%,139,45.0,84.04053956417118,39.04053956417118,64.2441838307127,7,Got worse,0,14,7,3
