experiment_group,scenario,runs,mean_final_level,mean_change,mean_average_level_over_time,mean_steps,got_worse_rate,calmed_down_rate,unresolved_rate
Behaviour module comparison,Learning only,40,84.46505132354662,39.46505132354662,63.94279789491054,4.95,1.0,0.0,0.0
Behaviour module comparison,Rules only,40,83.7034108575444,38.70341085754439,64.07405698618906,5.5,1.0,0.0,0.0
Behaviour module comparison,Social + learning,40,84.49185506251426,39.49185506251426,63.91214285801359,4.875,1.0,0.0,0.0
Behaviour module comparison,Social influence only,40,83.0062464996951,38.0062464996951,63.74672295623003,5.375,1.0,0.0,0.0
Role mix sweep,Defenders 0% / Instigators 60%,40,85.96485784343923,40.96485784343923,64.59812619883105,3.875,1.0,0.0,0.0
Role mix sweep,Defenders 10% / Instigators 50%,40,84.82325396213791,39.823253962137926,64.28388721242942,4.175,1.0,0.0,0.0
Role mix sweep,Defenders 20% / Instigators 40%,40,84.98922218385948,39.98922218385949,64.0099025601578,4.425,1.0,0.0,0.0
Role mix sweep,Defenders 30% / Instigators 30%,40,85.39267966344644,40.39267966344643,63.902569006457085,4.825,1.0,0.0,0.0
Role mix sweep,Defenders 40% / Instigators 20%,40,84.90773120021656,39.90773120021657,63.786978430621254,5.1,1.0,0.0,0.0
Role mix sweep,Defenders 50% / Instigators 10%,40,83.98613007202593,38.98613007202594,63.42490294362917,5.35,1.0,0.0,0.0
Role mix sweep,Defenders 60% / Instigators 0%,40,83.94841829289216,38.94841829289216,63.481970115639115,6.05,1.0,0.0,0.0
Scenario comparison,Balanced baseline,40,85.3041395176518,40.3041395176518,64.1769629855336,4.95,1.0,0.0,0.0
Scenario comparison,Defender-heavy,40,84.02035824088912,39.02035824088913,63.50202119757569,5.2,1.0,0.0,0.0
Scenario comparison,High engagement,40,84.74607088334304,39.74607088334303,64.14199770762036,4.375,1.0,0.0,0.0
Scenario comparison,High-harm context,40,89.60515011740266,24.605150117402662,77.09243932818478,1.85,1.0,0.0,0.0
Scenario comparison,Instigator-heavy,40,85.02060010336683,40.02060010336684,64.19480029838982,4.175,1.0,0.0,0.0
Scenario comparison,Low-harm context,40,82.4397716435952,57.43977164359519,51.32007047201122,13.3,1.0,0.0,0.0
Scenario comparison,Neutral-heavy,40,84.86507003831284,39.865070038312844,64.13523309086817,5.175,1.0,0.0,0.0
