case,runs,mean_initial,mean_final,mean_change,got_worse_rate,calmed_down_rate,unresolved_rate,mean_steps
40% defenders low harm,50,25.0,81.59813016805042,56.59813016805042,0.98,0.0,0.02,13.56
60% defenders low harm,50,25.0,60.13618106923648,35.13618106923648,0.34,0.2,0.46,15.72
80% defenders low harm,50,25.0,29.45308013046438,4.453080130464379,0.0,0.74,0.26,8.98
90% defenders low harm,50,25.0,21.1543792354778,-3.8456207645221987,0.0,0.92,0.08,5.46
80% defenders toxicity 0,50,25.0,18.411184805482222,-6.588815194517778,0.0,1.0,0.0,3.84
80% defenders toxicity 10,50,25.0,25.313680389451925,0.31368038945192467,0.0,0.82,0.18,8.22
80% defenders toxicity 25,50,25.0,64.67706366826799,39.67706366826799,0.54,0.22,0.24,15.5
80% defenders toxicity 50,50,25.0,83.27691973065065,58.27691973065065,1.0,0.0,0.0,10.54
80% defenders toxicity 75,50,25.0,84.44011352761953,59.44011352761953,1.0,0.0,0.0,7.56
80% defenders initial 15,50,15.0,14.80637424949486,-0.19362575050513975,0.0,1.0,0.0,1.0
80% defenders initial 25,50,25.0,23.923831600678092,-1.076168399321908,0.0,0.86,0.14,7.76
80% defenders initial 35,50,35.0,24.33245583095309,-10.66754416904691,0.0,0.84,0.16,11.4
80% defenders initial 45,50,45.0,28.506896727314988,-16.493103272685012,0.06,0.76,0.18,14.72
80% defenders initial 60,50,60.0,34.534182557117774,-25.465817442882226,0.22,0.44,0.34,15.76
