case,step,mean_bullying_level
40% defenders low harm,0,25.0
40% defenders low harm,1,27.170348239447073
40% defenders low harm,2,29.817639740097615
40% defenders low harm,3,33.387413762223616
40% defenders low harm,4,37.33923129476302
40% defenders low harm,5,41.81204064985823
40% defenders low harm,6,45.71300768320529
40% defenders low harm,7,49.67997974820423
40% defenders low harm,8,54.27933478234438
40% defenders low harm,9,59.426660215270104
40% defenders low harm,10,63.61277639291309
40% defenders low harm,11,68.41682568967825
40% defenders low harm,12,73.617601926652
40% defenders low harm,13,76.8128324300227
40% defenders low harm,14,79.50048659670779
40% defenders low harm,15,80.78743285825686
40% defenders low harm,16,81.3528443041379
40% defenders low harm,17,81.46957504826827
40% defenders low harm,18,81.59813016805042
60% defenders low harm,0,25.0
60% defenders low harm,1,25.782588182592644
60% defenders low harm,2,27.01560108079811
60% defenders low harm,3,28.534133036313005
60% defenders low harm,4,30.32708153748141
60% defenders low harm,5,32.27056168348108
60% defenders low harm,6,33.548446549728254
60% defenders low harm,7,35.63378009497967
60% defenders low harm,8,37.671113016583256
60% defenders low harm,9,39.768273038845166
60% defenders low harm,10,41.70422806262344
60% defenders low harm,11,43.674598225040356
60% defenders low harm,12,46.093804675717045
60% defenders low harm,13,48.78700181142339
60% defenders low harm,14,51.55007336499247
60% defenders low harm,15,53.88514488899202
60% defenders low harm,16,56.1893932784476
60% defenders low harm,17,58.39352833506502
60% defenders low harm,18,60.13618106923648
80% defenders low harm,0,25.0
80% defenders low harm,1,24.949372641641506
80% defenders low harm,2,24.808761308238736
80% defenders low harm,3,24.78522485739416
80% defenders low harm,4,25.268371134468083
80% defenders low harm,5,25.504625863911407
80% defenders low harm,6,25.301998841353893
80% defenders low harm,7,25.457568689766575
80% defenders low harm,8,25.418372210626725
80% defenders low harm,9,25.456437132185957
80% defenders low harm,10,25.902707846407594
80% defenders low harm,11,26.12335219558049
80% defenders low harm,12,26.627680220251527
80% defenders low harm,13,26.927750465466925
80% defenders low harm,14,27.440025709068724
80% defenders low harm,15,27.827000363257447
80% defenders low harm,16,28.38678556757693
80% defenders low harm,17,28.86768316237901
80% defenders low harm,18,29.45308013046438
90% defenders low harm,0,25.0
90% defenders low harm,1,24.333669504836244
90% defenders low harm,2,23.254705408506876
90% defenders low harm,3,22.130769348593276
90% defenders low harm,4,21.24384859878434
90% defenders low harm,5,20.665373347173873
90% defenders low harm,6,20.369718080465297
90% defenders low harm,7,20.3639247106035
90% defenders low harm,8,20.429948904764235
90% defenders low harm,9,20.551779517166935
90% defenders low harm,10,20.665757342611144
90% defenders low harm,11,20.716023393727415
90% defenders low harm,12,20.79736437711611
90% defenders low harm,13,20.820147579130595
90% defenders low harm,14,20.656491478319364
90% defenders low harm,15,20.745676723018327
90% defenders low harm,16,20.885904843499258
90% defenders low harm,17,20.951386275401227
90% defenders low harm,18,21.1543792354778
80% defenders toxicity 0,0,25.0
80% defenders toxicity 0,1,23.876877819377114
80% defenders toxicity 0,2,22.220414712175085
80% defenders toxicity 0,3,21.03817910470085
80% defenders toxicity 0,4,19.581005297345897
80% defenders toxicity 0,5,18.75964241363288
80% defenders toxicity 0,6,18.467687633975988
80% defenders toxicity 0,7,18.411184805482222
80% defenders toxicity 10,0,25.0
80% defenders toxicity 10,1,24.715795028142455
80% defenders toxicity 10,2,24.306302729254366
80% defenders toxicity 10,3,24.068778593934375
80% defenders toxicity 10,4,23.911311722931373
80% defenders toxicity 10,5,23.818860424877943
80% defenders toxicity 10,6,23.479226214755172
80% defenders toxicity 10,7,23.081800737952435
80% defenders toxicity 10,8,23.023256278114737
80% defenders toxicity 10,9,22.997627111471196
80% defenders toxicity 10,10,23.260053565445013
80% defenders toxicity 10,11,23.447684903011133
80% defenders toxicity 10,12,23.667585964404328
80% defenders toxicity 10,13,23.877364495492813
80% defenders toxicity 10,14,24.157786184343394
80% defenders toxicity 10,15,24.391979480235445
80% defenders toxicity 10,16,24.669675958313128
80% defenders toxicity 10,17,24.890425913539524
80% defenders toxicity 10,18,25.313680389451925
80% defenders toxicity 25,0,25.0
80% defenders toxicity 25,1,25.87070133506775
80% defenders toxicity 25,2,27.89424994523626
80% defenders toxicity 25,3,30.569249664061502
80% defenders toxicity 25,4,33.164393579228054
80% defenders toxicity 25,5,35.677139299117655
80% defenders toxicity 25,6,37.96139262922966
80% defenders toxicity 25,7,39.9459591035985
80% defenders toxicity 25,8,41.98443696284793
80% defenders toxicity 25,9,44.5165664491705
80% defenders toxicity 25,10,46.843199745531955
80% defenders toxicity 25,11,49.11954874403171
80% defenders toxicity 25,12,52.0720222128379
80% defenders toxicity 25,13,54.50959774930122
80% defenders toxicity 25,14,57.2440479815664
80% defenders toxicity 25,15,59.17959058691129
80% defenders toxicity 25,16,61.73289663748343
80% defenders toxicity 25,17,63.645675926187934
80% defenders toxicity 25,18,64.67706366826799
80% defenders toxicity 50,0,25.0
80% defenders toxicity 50,1,27.90961757534831
80% defenders toxicity 50,2,33.270594255543536
80% defenders toxicity 50,3,39.49577261805505
80% defenders toxicity 50,4,45.279823494725576
80% defenders toxicity 50,5,50.8998565874967
80% defenders toxicity 50,6,56.58802338562455
80% defenders toxicity 50,7,62.22273633220179
80% defenders toxicity 50,8,67.94561989868622
80% defenders toxicity 50,9,73.71141419291718
80% defenders toxicity 50,10,79.32950257212217
80% defenders toxicity 50,11,82.13188360979672
80% defenders toxicity 50,12,83.09805112725554
80% defenders toxicity 50,13,83.27691973065065
80% defenders toxicity 75,0,25.0
80% defenders toxicity 75,1,30.117717740174136
80% defenders toxicity 75,2,38.31643391656057
80% defenders toxicity 75,3,47.25563734349433
80% defenders toxicity 75,4,55.10722076293839
80% defenders toxicity 75,5,63.44430357646392
80% defenders toxicity 75,6,71.52128378753595
80% defenders toxicity 75,7,79.11141752925103
80% defenders toxicity 75,8,84.44011352761953
80% defenders initial 15,0,15.0
80% defenders initial 15,1,14.80637424949486
80% defenders initial 25,0,25.0
80% defenders initial 25,1,24.741108581060136
80% defenders initial 25,2,24.10252420213043
80% defenders initial 25,3,23.754178227830444
80% defenders initial 25,4,23.373150950867924
80% defenders initial 25,5,23.05430743046079
80% defenders initial 25,6,22.560093693485168
80% defenders initial 25,7,22.269609199458838
80% defenders initial 25,8,22.297034675541166
80% defenders initial 25,9,22.268859220595456
80% defenders initial 25,10,22.379342634370495
80% defenders initial 25,11,22.599708357158647
80% defenders initial 25,12,22.71208523202828
80% defenders initial 25,13,22.83673323656176
80% defenders initial 25,14,23.06566536591228
80% defenders initial 25,15,23.227307167910336
80% defenders initial 25,16,23.409855000567564
80% defenders initial 25,17,23.537224261084933
80% defenders initial 25,18,23.923831600678092
80% defenders initial 35,0,35.0
80% defenders initial 35,1,34.438640470220705
80% defenders initial 35,2,33.85209157197839
80% defenders initial 35,3,33.21227221903947
80% defenders initial 35,4,32.18408959670706
80% defenders initial 35,5,30.913441736196464
80% defenders initial 35,6,29.904088107187757
80% defenders initial 35,7,28.798900694909776
80% defenders initial 35,8,27.442196297573183
80% defenders initial 35,9,26.430654005936393
80% defenders initial 35,10,25.124144954674215
80% defenders initial 35,11,24.21239542195501
80% defenders initial 35,12,23.924656268265725
80% defenders initial 35,13,23.61743362691748
80% defenders initial 35,14,23.854095846034507
80% defenders initial 35,15,23.87332805303197
80% defenders initial 35,16,23.873996099645325
80% defenders initial 35,17,24.08840107826618
80% defenders initial 35,18,24.33245583095309
80% defenders initial 45,0,45.0
80% defenders initial 45,1,44.22611844339624
80% defenders initial 45,2,44.01620808440746
80% defenders initial 45,3,43.20719913568038
80% defenders initial 45,4,42.414213622276606
80% defenders initial 45,5,41.37794721785076
80% defenders initial 45,6,40.036790311089106
80% defenders initial 45,7,38.51101201665794
80% defenders initial 45,8,37.17462042445413
80% defenders initial 45,9,36.15352484998295
80% defenders initial 45,10,34.641904105581474
80% defenders initial 45,11,33.18090722446377
80% defenders initial 45,12,31.917851421063716
80% defenders initial 45,13,30.9486220685587
80% defenders initial 45,14,30.01358646686401
80% defenders initial 45,15,29.623722165228877
80% defenders initial 45,16,29.378699916899286
80% defenders initial 45,17,28.956108510426713
80% defenders initial 45,18,28.506896727314988
80% defenders initial 60,0,60.0
80% defenders initial 60,1,59.15466488203093
80% defenders initial 60,2,58.883471392790554
80% defenders initial 60,3,57.83814802460617
80% defenders initial 60,4,56.85823681397935
80% defenders initial 60,5,55.755061196938144
80% defenders initial 60,6,54.38386444557412
80% defenders initial 60,7,53.023980175251126
80% defenders initial 60,8,51.42217513402676
80% defenders initial 60,9,50.14368819783902
80% defenders initial 60,10,48.281806120929566
80% defenders initial 60,11,46.14138916565607
80% defenders initial 60,12,44.079194056643864
80% defenders initial 60,13,42.36715219433069
80% defenders initial 60,14,40.406587938676296
80% defenders initial 60,15,38.572391980171886
80% defenders initial 60,16,37.03814670405536
80% defenders initial 60,17,35.56674857579917
80% defenders initial 60,18,34.534182557117774
