reward_design,reward_goal,scenario,runs,mean_final_level,mean_change,got_worse_rate,calmed_down_rate,unresolved_rate,first_run_final_level,last_run_final_level,first_defender_tendency,last_defender_tendency,first_bully_support_tendency,last_bully_support_tendency,first_silent_tendency,last_silent_tendency,mean_defender_action_share,mean_bully_support_action_share,mean_silent_action_share
role_based,Agents learn according to their role. Instigators are rewarded when escalation succeeds.,low_risk_defended,40,18.596988735464862,-19.403011264535138,0.0,0.975,0.025,23.53087320229419,18.15475335043539,0.968624999999999,1444.3761042428187,0.05197500000000004,-62.38599788599655,-0.06851249999999999,-46.934154311120494,0.7981722770271861,0.06117366928274108,0.06877647463028222
victim_safety,All agents are rewarded when harm decreases and penalised when bullying increases.,low_risk_defended,40,18.23608541291493,-19.76391458708507,0.0,1.0,0.0,17.705400480555845,19.855083597562256,1.600593749999999,2246.892801315379,-0.08504999999999999,-27.915956737792875,0.28940625,374.87461498367804,0.7726372998847116,0.0033737780216653453,0.18340922523953737
mixed_ethical,"Agents keep role tendencies, but everyone is discouraged from severe escalation.",low_risk_defended,40,18.450305384348177,-19.549694615651823,0.0,1.0,0.0,18.75229251920685,19.810223010295115,1.3976550000000003,2125.409977804201,-0.1308825,-30.204132405826964,-0.005788125000000005,103.4307284023445,0.7378008621038769,0.005960611523275916,0.07998671842429918
role_based,Agents learn according to their role. Instigators are rewarded when escalation succeeds.,medium_tipping_point,40,81.16581409935375,43.16581409935376,0.9,0.0,0.1,80.03252049173652,80.37602323244923,-0.3118500000000001,-610.2960017486718,-0.08504999999999996,-137.7677872627501,-0.22207499999999997,-285.4439222710553,0.2069052637701259,0.3038750101599895,0.19920088840342828
victim_safety,All agents are rewarded when harm decreases and penalised when bullying increases.,medium_tipping_point,40,18.612696548987902,-19.387303451012098,0.0,1.0,0.0,16.854315772090537,18.667848807422985,1.7116312499999988,2753.353470590342,0.012993750000000002,1.1293815676026058,-0.04606875,22.21282311053824,0.9438116433723014,0.0046029895211673185,0.02172309618119988
mixed_ethical,"Agents keep role tendencies, but everyone is discouraged from severe escalation.",medium_tipping_point,40,18.53921410392359,-19.46078589607641,0.0,0.975,0.025,24.9545313835077,19.211162368906706,1.5844106250000005,2710.0996653063626,-0.035673750000000004,-16.55331787867965,0.045123750000000004,41.959261165223666,0.9183157208683813,0.0037270094393592676,0.03142246968544511
role_based,Agents learn according to their role. Instigators are rewarded when escalation succeeds.,high_risk_pressure,40,85.86304138466399,30.863041384663983,1.0,0.0,0.0,82.370897240667,89.59693183591507,-0.06142500000000001,-90.61058708046963,0.1819125,337.7746082284915,-0.042525,-52.38512204379083,0.10226614809194186,0.5587298845258821,0.13259811127732912
victim_safety,All agents are rewarded when harm decreases and penalised when bullying increases.,high_risk_pressure,40,83.77811348646058,28.778113486460587,1.0,0.0,0.0,83.5663388934092,80.73535080346932,-0.16891875,-267.83455839547537,-0.3425625,-511.81072217304205,-0.20671875,-456.29659371901585,0.24746360941387788,0.24723481710792297,0.25332754107308975
mixed_ethical,"Agents keep role tendencies, but everyone is discouraged from severe escalation.",high_risk_pressure,40,83.3919188907865,28.391918890786506,1.0,0.0,0.0,83.04099536019594,81.38226883038107,-0.17647875000000002,-245.52210883084052,-0.23601375000000002,-368.70105619807055,-0.14375812500000001,-447.2411744657118,0.251052183359487,0.24616034148456686,0.25568671418852745
